Activity Time(s),Activity (Bq/ml)
0,0
0.6,0.820583827904864
1.2,3.01548413026174
1.8,6.12080116418471
2.4,9.79521137784914
3,13.7899526648987
3.6,17.9259470282157
4.2,22.0763838697282
4.8,26.1534790142611
5.4,30.0984250799092
6,33.8737792152526
6.6,37.457710867333
7.2,40.8396676525174
7.8,44.017121186085
8.4,46.9931342579746
9,48.9539678487684
9.6,49.3551796481297
10.2,48.6714261772886
10.8,47.2555446303406
11.4,45.3680605897867
12,43.1997099375172
12.6,40.8886130452533
13.2,38.5333567917771
13.8,36.2029465916814
14.4,33.9443656602928
15,31.7883062470593
15.6,29.7535053208988
16.2,27.8500158083389
16.8,26.0816667752454
17.4,24.4479063874336
18,22.9451758517282
18.6,21.567927580318
19.2,20.3093740472196
19.8,19.1620333062538
20.4,18.1181214502085
21,17.1698302873459
21.6,16.309519332553
22.2,15.5298441955927
22.8,14.8238380915615
23.4,14.184959110449
24,13.6071127659592
24.6,13.0846569703233
25.2,12.6123947768776
25.8,12.1855588617372
26.4,11.7997906773635
27,11.4511164256276
27.6,11.1678329992654
28.2,10.9681926765969
28.8,10.8311801721745
29.4,10.7408289728444
30,10.6850301291351
30.6,10.6546199647884
31.2,10.6426816103838
31.8,10.6440104371166
32.4,10.6547051036945
33,10.6718548557162
33.6,10.6933005639129
34.2,10.717452239491
34.8,10.7431497929705
35.4,10.7695568923503
36,10.7960801457844
36.6,10.8223076509331
37.2,10.8479623464391
37.8,10.8728666692726
38.4,10.8650042474023
39,10.8027889042643
39.6,10.7042465820263
40.2,10.5826625847337
40.8,10.4477404011638
41.4,10.3064851561432
42,10.1638763638943
42.6,10.0233795436443
43.2,9.88733466855168
43.8,9.75725053297462
44.4,9.63402731042507
45,9.51812435206401
45.6,9.40968627269215
46.2,9.30863730356703
46.8,9.21475154096155
47.4,9.1277049188947
48,9.04711335561057
48.6,8.97256046775255
49.2,8.90361743830241
49.8,8.83985700635109
50.4,8.78086307425428
51,8.72623706666736
51.6,8.67560190025752
52.2,8.62860421255103
52.8,8.58491533805673
53.4,8.54423139776046
54,8.50627277530381
54.6,8.47078318274517
55.2,8.43752846546681
55.8,8.40629525549218
56.4,8.37688955211654
57,8.34913528595976
57.6,8.32287290551199
58.2,8.29795801257441
58.8,8.27426006364036
59.4,8.25166114740959
60,8.23005484366345
60.6,8.20934516518297
61.2,8.1894455819075
61.8,8.17027812483816
62.4,8.15177256608193
63,8.13386567075289
63.6,8.11650051608078
64.2,8.09962587293344
64.8,8.08319564497461
65.4,8.06716836080159
66,8.05150671460154
66.6,8.03617715110546
67.2,8.02114949088328
67.8,8.00639659229977
68.4,7.99189404672823
69,7.97761990389042
69.6,7.96355442445227
70.2,7.94967985725286
70.8,7.93598023877675
71.4,7.92244121269699
72,7.90904986751668
72.6,7.8957945905221
73.2,7.88266493643049
73.8,7.86965150927026
74.4,7.85674585617354
75,7.84394037188924
75.6,7.83122821294211
76.2,7.81860322046904
76.8,7.8060598508598
77.4,7.79359311341629
78,7.78119851432264
78.6,7.76887200628928
79.2,7.75660994329792
79.8,7.7444090399318
80.4,7.73226633482773
81,7.7201791578326
81.6,7.70814510048955
82.2,7.69616198951665
82.8,7.68422786297489
83.4,7.67234094885303
84,7.66049964582447
84.6,7.64870250595583
85.2,7.6369482191695
85.8,7.62523559928231
86.4,7.61356357146046
87,7.60193116094706
87.6,7.59033748293328
88.2,7.57878173345711
88.8,7.56726318122537
89.4,7.55578116026551
90,7.54433506332282
90.6,7.53292433592761
91.2,7.52154847106424
91.8,7.51020700438101
92.4,7.49889950988607
93,7.48762559607994
93.6,7.47638490248041
94.2,7.46517709650001
94.8,7.45400187064021
95.4,7.44285893997035
96,7.43174803986218
96.6,7.42066892395434
97.2,7.40962136232327
97.8,7.39860513983962
98.4,7.38762005469144
99,7.37666591705707
99.6,7.36574254791273
100.2,7.35484977796096
100.8,7.34398744666776
101.4,7.33315540139733
102,7.32235349663462
102.6,7.31158159328662
103.2,7.30083955805451
103.8,7.29012726286949
104.4,7.27944458438573
105,7.26879140352475
105.6,7.25816760506594
106.2,7.24757307727858
106.8,7.23700771159113
107.4,7.22647140229401
108,7.21596404627247
108.6,7.2054855427665
109.2,7.19503579315505
109.8,7.18461470076205
110.4,7.1742221706821
111,7.16385810962372
111.6,7.15352242576848
112.2,7.14321502864438
112.8,7.13293582901192
113.4,7.1226847387618
114,7.1124616708228
114.6,7.10226653907906
115.2,7.09209925829562
115.8,7.08195974405147
116.4,7.07184791267932
117,7.06176368121143
117.6,7.0517069673309
118.2,7.04167768932776
118.8,7.03167576605954
119.4,7.02170111691573
120,7.01175366178579
120.6,7.00183332103035
121.2,6.99194001545525
121.8,6.98207366628821
122.4,6.97223419515772
123,6.96242152407406
123.6,6.95263557541222
124.2,6.94287627189639
124.8,6.93314353658606
125.4,6.92343729286343
126,6.91375746442199
126.6,6.90410397525633
127.2,6.89447674965275
127.8,6.88487571218091
128.4,6.87530078768619
129,6.86575190128275
129.6,6.85622897834731
130.2,6.84673194451345
130.8,6.83726072566642
131.4,6.82781524793842
132,6.81839543770435
132.6,6.80900122157787
133.2,6.79963252640783
133.8,6.79028927927498
134.4,6.78097140748901
135,6.77167883858577
135.6,6.76241150032473
136.2,6.75316932068667
136.8,6.74395222787151
137.4,6.73476015029632
138,6.72559301659348
138.6,6.71645075560892
139.2,6.70733329640059
139.8,6.69824056823688
140.4,6.68917250059528
141,6.68012902316105
141.6,6.67111006582594
142.2,6.66211555868707
142.8,6.65314543204581
143.4,6.64419961640668
144,6.63527804247642
144.6,6.62638064116299
145.2,6.61750734357465
145.8,6.60865808101913
146.4,6.5998327850027
147,6.59103138722946
147.6,6.58225381960046
148.2,6.573500014213
148.8,6.56476990335986
149.4,6.5560634195286
150,6.54738049540084
150.6,6.53872106385158
151.2,6.53008505794854
151.8,6.52147241095151
152.4,6.51288305631169
153,6.50431692767105
153.6,6.49577395886176
154.2,6.4872540839055
154.8,6.47875723701293
155.4,6.47028335258307
156,6.46183236520269
156.6,6.45340420964575
157.2,6.44499882087283
157.8,6.43661613403055
158.4,6.42825608445101
159,6.41991860765123
159.6,6.4116036393326
160.2,6.40331111538033
160.8,6.3950409718629
161.4,6.3867931450315
162,6.37856757131954
162.6,6.37036418734206
163.2,6.36218292989524
163.8,6.35402373595584
164.4,6.34588654268068
165,6.33777128740614
165.6,6.32967790764761
166.2,6.32160634109897
166.8,6.31355652563209
167.4,6.30552839929632
168,6.29752190031795
168.6,6.28953696709972
169.2,6.2815735382203
169.8,6.27363155243381
170.4,6.26571094866927
171,6.25781166603013
171.6,6.24993364379378
172.2,6.24207682141099
172.8,6.23424113850549
173.4,6.22642653487343
174,6.21863295048287
174.6,6.21086032547335
175.2,6.20310860015532
175.8,6.19537771500971
176.4,6.18766761068742
177,6.17997822800882
177.6,6.17230950796329
178.2,6.16466139170874
178.8,6.1570338205711
179.4,6.14942673604383
180,6.14184007978751
180.6,6.13427379362927
181.2,6.1267278195624
181.8,6.11920209974581
182.4,6.11169657650359
183,6.10421119232452
183.6,6.09674588986162
184.2,6.08930061193166
184.8,6.08187530151471
185.4,6.07446990175366
186,6.06708435595375
186.6,6.05971860758213
187.2,6.05237260026738
187.8,6.04504627779905
188.4,6.0377395841272
189,6.03045246336193
189.6,6.02318485977296
190.2,6.01593671778914
190.8,6.008707981998
191.4,6.00149859714532
192,5.99430850813463
192.6,5.98713766002681
193.2,5.97998599803962
193.8,5.97285346754726
194.4,5.96574001407989
195,5.95864558332322
195.6,5.95157012111807
196.2,5.9445135734599
196.8,5.93747588649838
197.4,5.93045700653695
198,5.92345688003239
198.6,5.91647545359437
199.2,5.909512673985
199.8,5.90256848811844
200.4,5.89564284306042
201,5.88873568602781
201.6,5.88184696438824
202.2,5.8749766256596
202.8,5.86812461750965
203.4,5.86129088775559
204,5.85447538436363
204.6,5.84767805544855
205.2,5.8408988492733
205.8,5.83413771424857
206.4,5.82739459893233
207,5.82066945202949
207.6,5.8139622223914
208.2,5.80727285901547
208.8,5.80060131104475
209.4,5.79394752776751
210,5.78731145861683
210.6,5.78069305317018
211.2,5.77409226114902
211.8,5.76750903241836
212.4,5.76094331698639
213,5.75439506500404
213.6,5.74786422676457
214.2,5.7413507527032
214.8,5.73485459339668
215.4,5.72837569956287
216,5.72191402206036
216.6,5.71546951188807
217.2,5.70904212018484
217.8,5.70263179822901
218.4,5.69623849743807
219,5.68986216936822
219.6,5.68350276571401
220.2,5.67716023830789
220.8,5.67083453911989
221.4,5.66452562025715
222,5.6582334339636
222.6,5.65195793261951
223.2,5.64569906874113
223.8,5.63945679498032
224.4,5.63323106412412
225,5.62702182909438
225.6,5.6208290429474
226.2,5.6146526588735
226.8,5.60849263019669
227.4,5.60234891037423
228,5.59622145299632
228.6,5.59011021178564
229.2,5.58401514059704
229.8,5.57793619341713
230.4,5.57187332436389
231,5.56582648768634
231.6,5.55979563776412
232.2,5.55378072910714
232.8,5.54778171635522
233.4,5.54179855427768
234,5.53583119777301
234.6,5.52987960186847
235.2,5.52394372171975
235.8,5.51802351261058
236.4,5.51211892995239
237,5.50622992928391
237.6,5.50035646627083
238.2,5.49449849670544
238.8,5.48865597650626
239.4,5.48282886171768
240,5.47701710850961
240.6,5.47122067317709
241.2,5.46543951213999
241.8,5.45967358194258
242.4,5.45392283925325
243,5.4481872408641
243.6,5.44246674369061
244.2,5.4367613047713
244.8,5.43107088126732
245.4,5.4253954304622
246,5.41973490976139
246.6,5.414089276692
247.2,5.40845848890241
247.8,5.40284250416191
248.4,5.39724128036041
249,5.39165477550803
249.6,5.38608294773481
250.2,5.38052575529034
250.8,5.37498315654341
251.4,5.3694551099817
252,5.36394157421141
252.6,5.35844250795696
253.2,5.3529578700606
253.8,5.34748761948212
254.4,5.34203171529849
255,5.33659011670352
255.6,5.33116278300755
256.2,5.32574967363711
256.8,5.32035074813457
257.4,5.31496596615783
258,5.30959528747997
258.6,5.30423867198896
259.2,5.29889607968726
259.8,5.29356747069159
260.4,5.28825280523252
261,5.28295204365417
261.6,5.27766514641393
262.2,5.27239207408205
262.8,5.2671327873414
263.4,5.26188724698711
264,5.25665541392625
264.6,5.2514372491775
265.2,5.24623271387088
265.8,5.24104176924736
266.4,5.23586437665861
267,5.23070049756664
267.6,5.2255500935435
268.2,5.22041312627098
268.8,5.21528955754025
269.4,5.21017934925162
270,5.20508246341417
270.6,5.19999886214544
271.2,5.19492850767115
271.8,5.1898713623249
272.4,5.18482738854781
273,5.17979654888827
273.6,5.17477880600157
274.2,5.16977412264967
274.8,5.16478246170084
275.4,5.15980378612938
276,5.15483805901529
276.6,5.14988524354402
277.2,5.14494530300611
277.8,5.14001820079695
278.4,5.13510390041641
279,5.1302023654686
279.6,5.12531355966156
280.2,5.12043744680694
280.8,5.11557399081973
281.4,5.11072315571794
282,5.10588490562233
282.6,5.10105920475611
283.2,5.09624601744465
283.8,5.09144530811515
284.4,5.08665704129642
285,5.08188118161853
285.6,5.07711769381254
286.2,5.07236654271024
286.8,5.06762769324379
287.4,5.06290111044553
288,5.0581867594476
288.6,5.05348460548172
289.2,5.0487946138789
289.8,5.0441167500691
290.4,5.03945097958102
291,5.03479726804176
291.6,5.0301555811766
292.2,5.02552588480865
292.8,5.02090814485862
293.4,5.01630232734453
294,5.01170839838142
294.6,5.00712632418108
295.2,5.00255607105178
295.8,4.99799760539799
296.4,4.9934508937201
297,4.98891590261416
297.6,4.98439259877159
298.2,4.9798809489789
298.8,4.97538092011747
299.4,4.97089247916321
300,4.96641559318633
300.6,4.96195022935108
301.2,4.95749635491545
301.8,4.95305393723091
302.4,4.94862294374217
303,4.94420334198688
303.6,4.93979509959538
304.2,4.93539818429044
304.8,4.93101256388698
305.4,4.92663820629182
306,4.92227507950342
306.6,4.9179231516116
307.2,4.91358239079731
307.8,4.90925276533234
308.4,4.90493424357906
309,4.90062679399019
309.6,4.89633038510853
310.2,4.89204498556668
310.8,4.8877705640868
311.4,4.88350708948038
312,4.87925453064794
312.6,4.8750128565788
313.2,4.87078203635083
313.8,4.86656203913017
314.4,4.86235283417102
315,4.85815439081535
315.6,4.85396667849269
316.2,4.84978966671982
316.8,4.84562332510058
317.4,4.84146762332559
318,4.83732253117201
318.6,4.8331880185033
319.2,4.82906405526895
319.8,4.82495061150428
320.4,4.82084765733012
321,4.81675516295265
321.6,4.8126730986631
322.2,4.80860143483754
322.8,4.80454014193659
323.4,4.80048919050525
324,4.7964485511726
324.6,4.79241819465156
325.2,4.78839809173872
325.8,4.784388213314
326.4,4.78038853034049
327,4.77639901386418
327.6,4.77241963501374
328.2,4.76845036500025
328.8,4.76449117511701
329.4,4.76054203673926
330,4.756602921324
330.6,4.75267380040969
331.2,4.74875464561607
331.8,4.74484542864392
332.4,4.7409461212748
333,4.73705669537085
333.6,4.73317712287454
334.2,4.72930737580845
334.8,4.72544742627506
335.4,4.72159724645647
336,4.71775680861422
336.6,4.71392608508905
337.2,4.71010504830067
337.8,4.70629367074753
338.4,4.70249192500661
339,4.69869978373318
339.6,4.69491721966057
340.2,4.6911442056
340.8,4.68738071444027
341.4,4.68362671914762
342,4.67988219276545
342.6,4.67614710841415
343.2,4.67242143929085
343.8,4.66870515866918
344.4,4.6649982398991
345,4.66130065640666
345.6,4.65761238169376
346.2,4.65393338933799
346.8,4.65026365299236
347.4,4.64660314638509
348,4.64295184331943
348.6,4.63930971767341
349.2,4.63567674339965
349.8,4.63205289452514
350.4,4.62843814515103
351,4.62483246945238
351.6,4.62123584167803
352.2,4.61764823615032
352.8,4.61406962726488
353.4,4.61049998949049
354,4.60693929736878
354.6,4.6033875255141
355.2,4.59984464861324
355.8,4.59631064142531
356.4,4.59278547878144
357,4.58926913558464
357.6,4.58576158680958
358.2,4.58226280750236
358.8,4.57877277278034
359.4,4.57529145783192
360,4.57181883791633
360.6,4.56835488836345
361.2,4.56489958457358
361.8,4.56145290201725
362.4,4.55801481623506
363,4.5545853028374
363.6,4.5511643375043
364.2,4.54775189598525
364.8,4.54434795409896
365.4,4.54095248773317
366,4.53756547284448
366.6,4.53418688545812
367.2,4.53081670166778
367.8,4.52745489763539
368.4,4.52410144959096
369,4.52075633383233
369.6,4.51741952672505
370.2,4.51409100470212
370.8,4.51077074426382
371.4,4.50745872197755
372,4.50415491447759
372.6,4.50085929846494
373.2,4.4975718507071
373.8,4.49429254803792
374.4,4.49102136735738
375,4.48775828563141
375.6,4.4845032798917
376.2,4.48125632723553
376.8,4.47801740482555
377.4,4.47478648988962
378,4.4715635597206
378.6,4.4683485916762
379.2,4.46514156317877
379.8,4.46194245171509
380.4,4.45875123483625
381,4.45556789015742
381.6,4.45239239535767
382.2,4.4492247281798
382.8,4.44606486643017
383.4,4.44291278797847
384,4.43976847075759
384.6,4.43663189276343
385.2,4.43350303205469
385.8,4.43038186675273
386.4,4.42726837504136
387,4.42416253516668
387.6,4.42106432543689
388.2,4.41797372422214
388.8,4.41489070995429
389.4,4.41181526112683
390,4.4087473562946
390.6,4.4056869740737
391.2,4.40263409314125
391.8,4.39958869223527
392.4,4.39655075015448
393,4.39352024575812
393.6,4.39049715796577
394.2,4.38748146575722
394.8,4.38447314817226
395.4,4.38147218431051
396,4.37847855333129
396.6,4.37549223445338
397.2,4.3725132069549
397.8,4.36954145017315
398.4,4.3665769435044
399,4.36361966640373
399.6,4.36066959838491
400.2,4.35772671902016
400.8,4.35479100794005
401.4,4.35186244483327
402,4.34894100944652
402.6,4.34602668158432
403.2,4.34311944110883
403.8,4.34021926793972
404.4,4.33732614205397
405,4.33444004348573
405.6,4.33156095232616
406.2,4.32868884872324
406.8,4.32582371288164
407.4,4.32296552506252
408,4.32011426558342
408.6,4.31726991481806
409.2,4.31443245319618
409.8,4.31160186120339
410.4,4.30877811938104
411,4.30596120832599
411.6,4.30315110869052
412.2,4.30034780118214
412.8,4.29755126656343
413.4,4.2947614856519
414,4.29197843931981
414.6,4.28920210849403
415.2,4.28643247415588
415.8,4.283669517341
416.4,4.28091321913912
417,4.278163560694
417.6,4.27542052320321
418.2,4.27268408791799
418.8,4.26995423614314
419.4,4.26723094923678
420,4.26451420861029
420.6,4.2618039957281
421.2,4.25910029210756
421.8,4.25640307931877
422.4,4.25371233898447
423,4.25102805277983
423.6,4.24835020243236
424.2,4.24567876972172
424.8,4.24301373647961
425.4,4.24035508458955
426,4.23770279598681
426.6,4.23505685265824
427.2,4.23241723664208
427.8,4.22978393002787
428.4,4.22715691495628
429,4.22453617361895
429.6,4.22192168825838
430.2,4.21931344116774
430.8,4.21671141469076
431.4,4.21411559122157
432,4.21152595320457
432.6,4.20894248313426
433.2,4.20636516355513
433.8,4.20379397706149
434.4,4.20122890629734
435,4.19866993395623
435.6,4.19611704278111
436.2,4.19357021556421
436.8,4.19102943514685
437.4,4.18849468441937
438,4.18596594632093
438.6,4.1834432038394
439.2,4.18092644001121
439.8,4.17841563792123
440.4,4.17591078070259
441,4.17341185153661
441.6,4.17091883365258
442.2,4.1684317103277
442.8,4.16595046488688
443.4,4.16347508070264
444,4.16100554119499
444.6,4.15854182983123
445.2,4.15608393012589
445.8,4.15363182564053
446.4,4.15118549998367
447,4.1487449368106
447.6,4.14631011982327
448.2,4.14388103277015
448.8,4.14145765944612
449.4,4.1390399836923
450,4.13662798939596
450.6,4.13422166049035
451.2,4.13182098095458
451.8,4.12942593481351
452.4,4.12703650613759
453,4.12465267904275
453.6,4.12227443769026
454.2,4.1199017662866
454.8,4.11753464908334
455.4,4.115173070377
456,4.11281701450894
456.6,4.1104664658652
457.2,4.10812140887641
457.8,4.10578182801762
458.4,4.10344770780823
459,4.10111903281181
459.6,4.09879578763598
460.2,4.09647795693234
460.8,4.09416552539626
461.4,4.09185847776684
462,4.0895567988267
462.6,4.08726047340192
463.2,4.08496948636191
463.8,4.08268382261924
464.4,4.08040346712957
465,4.0781284048915
465.6,4.07585862094644
466.2,4.07359410037853
466.8,4.07133482831444
467.4,4.06908078992335
468,4.06683197041674
468.6,4.0645883550483
469.2,4.06234992911385
469.8,4.06011667795114
470.4,4.05788858693981
471,4.0556656415012
471.6,4.0534478270983
472.2,4.05123512923556
472.8,4.04902753345884
473.4,4.04682502535524
474,4.04462759055301
474.6,4.04243521472142
475.2,4.04024788357064
475.8,4.03806558285164
476.4,4.03588829835606
477,4.0337160159161
477.6,4.0315487214044
478.2,4.02938640073392
478.8,4.02722903985784
479.4,4.02507662476944
480,4.02292914150196
480.6,4.02078657612852
481.2,4.01864891476201
481.8,4.01651614355493
482.4,4.01438824869932
483,4.01226521642665
483.6,4.01014703300766
484.2,4.00803368475229
484.8,4.00592515800958
485.4,4.00382143916752
486,4.00172251465293
486.6,3.99962837093141
487.2,3.99753899450717
487.8,3.99545437192296
488.4,3.99337448975992
489,3.99129933463752
489.6,3.98922889321339
490.2,3.98716315218327
490.8,3.98510209828087
491.4,3.98304571827777
492,3.98099399898328
492.6,3.97894692724441
493.2,3.97690448994568
493.8,3.97486667400904
494.4,3.9728334663938
495,3.97080485409647
495.6,3.96878082415068
496.2,3.96676136362707
496.8,3.96474645963319
497.4,3.96273609931339
498,3.9607302698487
498.6,3.95872895845676
499.2,3.95673215239168
499.8,3.95473983894395
500.4,3.95275200544036
501,3.95076863924383
501.6,3.9487897277534
502.2,3.94681525840403
502.8,3.94484521866659
503.4,3.94287959604767
504,3.94091837808954
504.6,3.93896155237003
505.2,3.93700910650242
505.8,3.93506102813534
506.4,3.93311730495269
507,3.93117792467352
507.6,3.92924287505191
508.2,3.92731214387692
508.8,3.92538571897246
509.4,3.92346358819716
510,3.92154573944436
510.6,3.91963216064191
511.2,3.91772283975213
511.8,3.91581776477171
512.4,3.91391692373159
513,3.91202030469687
513.6,3.91012789576671
514.2,3.90823968507425
514.8,3.9063556607865
515.4,3.90447581110424
516,3.90260012426192
516.6,3.90072858852757
517.2,3.89886119220273
517.8,3.8969979236223
518.4,3.89513877115449
519,3.89328372320069
519.6,3.89143276819543
520.2,3.88958589460622
520.8,3.88774309093349
521.4,3.8859043457105
522,3.88406964750324
522.6,3.88223898491031
523.2,3.88041234656288
523.8,3.87858972112456
524.4,3.8767710972913
525,3.87495646379133
525.6,3.87314580938505
526.2,3.87133912286493
526.8,3.86953639305544
527.4,3.86773760881292
528,3.86594275902555
528.6,3.86415183261321
529.2,3.86236481852738
529.8,3.86058170575112
530.4,3.85880248329889
531,3.85702714021652
531.6,3.85525566558112
532.2,3.85348804850094
532.8,3.85172427811534
533.4,3.84996434359468
534,3.84820823414022
534.6,3.84645593898403
535.2,3.84470744738892
535.8,3.84296274864836
536.4,3.84122183208635
537,3.83948468705738
537.6,3.83775130294631
538.2,3.83602166916829
538.8,3.83429577516871
539.4,3.83257361042304
540,3.83085516443683
540.6,3.82914042674554
541.2,3.82742938691453
541.8,3.82572203453892
542.4,3.82401835924353
543,3.82231835068279
543.6,3.82062199854066
544.2,3.81892929253054
544.8,3.81724022239517
545.4,3.8155547779066
546,3.81387294886604
546.6,3.81219472510381
547.2,3.81052009647927
547.8,3.8088490528807
548.4,3.80718158422525
549,3.80551768045885
549.6,3.80385733155612
550.2,3.80220052752027
550.8,3.80054725838307
551.4,3.79889751420473
552,3.79725128507381
552.6,3.79560856110717
553.2,3.79396933244989
553.8,3.79233358927515
554.4,3.79070132178417
555,3.78907252020617
555.6,3.78744717479821
556.2,3.78582527584519
556.8,3.78420681365971
557.4,3.78259177858205
558,3.78098016098001
558.6,3.77937195124892
559.2,3.77776713981149
559.8,3.77616571711779
560.4,3.77456767364511
561,3.77297299989796
561.6,3.7713816864079
562.2,3.76979372373354
562.8,3.76820910246043
563.4,3.76662781320099
564,3.76504984659441
564.6,3.76347519330661
565.2,3.76190384403016
565.8,3.76033578948416
566.4,3.75877102041421
567,3.75720952759233
567.6,3.75565130181686
568.2,3.7540963339124
568.8,3.75254461472974
569.4,3.75099613514579
570,3.74945088606346
570.6,3.74790885841165
571.2,3.74637004314514
571.8,3.74483443124452
572.4,3.74330201371612
573,3.74177278159193
573.6,3.74024672592954
574.2,3.73872383781205
574.8,3.73720410834801
575.4,3.73568752867135
576,3.73417408994128
576.6,3.73266378334226
577.2,3.7311566000839
577.8,3.7296525314009
578.4,3.72815156855295
579,3.7266537028247
579.6,3.72515892552567
580.2,3.72366722799019
580.8,3.72217860157728
581.4,3.72069303767066
582,3.71921052767861
582.6,3.71773106303395
583.2,3.71625463519392
583.8,3.71478123564016
584.4,3.7133108558786
585,3.71184348743943
585.6,3.71037912187699
586.2,3.70891775076972
586.8,3.7074593657201
587.4,3.70600395835458
588,3.70455152032349
588.6,3.70310204330098
589.2,3.70165551898497
589.8,3.70021193909708
590.4,3.69877129538253
591,3.69733357961011
591.6,3.69589878357208
592.2,3.69446689908415
592.8,3.69303791798536
593.4,3.69161183213803
594,3.69018863342774
594.6,3.68876831376318
595.2,3.68735086507614
595.8,3.68593627932146
596.4,3.6845245484769
597,3.68311566454313
597.6,3.68170961954363
598.2,3.68030640552467
598.8,3.67890601455518
599.4,3.67750843872674
600,3.6761136701535
600.6,3.67472170097209
601.2,3.6733325233416
601.8,3.67194612944348
602.4,3.6705625114815
603,3.66918166168166
603.6,3.66780357229215
604.2,3.66642823558328
604.8,3.66505564384742
605.4,3.66368578939891
606,3.66231866457406
606.6,3.660954261731
607.2,3.65959257324969
607.8,3.65823359153184
608.4,3.65687730900083
609,3.65552371810164
609.6,3.65417281130084
610.2,3.65282458108648
610.8,3.65147901996803
611.4,3.65013612047635
612,3.64879587516361
612.6,3.64745827660323
613.2,3.64612331738981
613.8,3.64479099013908
614.4,3.64346128748785
615,3.64213420209393
615.6,3.64080972663609
616.2,3.63948785381398
616.8,3.63816857634807
617.4,3.63685188697961
618,3.63553777847057
618.6,3.63422624360355
619.2,3.63291727518176
619.8,3.63161086602894
620.4,3.6303070089893
621,3.62900569692746
621.6,3.62770692272842
622.2,3.62641067929746
622.8,3.6251169595601
623.4,3.62382575646207
624,3.62253706296919
624.6,3.62125087206738
625.2,3.61996717676256
625.8,3.6186859700806
626.4,3.61740724506727
627,3.61613099478819
627.6,3.61485721232875
628.2,3.61358589079408
628.8,3.61231702330898
629.4,3.61105060301785
630,3.60978662308466
630.6,3.60852507669289
631.2,3.60726595704546
631.8,3.60600925736468
632.4,3.60475497089221
633,3.60350309088896
633.6,3.6022536106351
634.2,3.60100652342997
634.8,3.59976182259199
635.4,3.59851950145868
636,3.59727955338656
636.6,3.59604197175109
637.2,3.59480674994664
637.8,3.59357388138643
638.4,3.59234335950246
639,3.59111517774546
639.6,3.58988932958487
640.2,3.58866580850875
640.8,3.58744460802372
641.4,3.58622572165495
642,3.58500914294607
642.6,3.58379486545914
643.2,3.58258288277455
643.8,3.58137318849106
644.4,3.58016577622565
645,3.57896063961352
645.6,3.57775777230803
646.2,3.57655716798065
646.8,3.57535882032089
647.4,3.57416272303628
648,3.57296886985229
648.6,3.57177725451229
649.2,3.57058787077751
649.8,3.56940071242695
650.4,3.56821577325739
651,3.56703304708329
651.6,3.56585252773675
652.2,3.56467420906747
652.8,3.56349808494271
653.4,3.5623241492472
654,3.56115239588313
654.6,3.55998281877009
655.2,3.55881541184499
655.8,3.55765016906207
656.4,3.55648708439278
657,3.55532615182581
657.6,3.55416736536696
658.2,3.55301071903914
658.8,3.55185620688232
659.4,3.55070382295347
660,3.5495535613265
660.6,3.54840541609225
661.2,3.54725938135837
661.8,3.54611545124938
662.4,3.5449736199065
663,3.54383388148771
663.6,3.54269623016763
664.2,3.5415606601375
664.8,3.54042716560513
665.4,3.53929574079486
666,3.53816637994749
666.6,3.53703907732026
667.2,3.53591382718679
667.8,3.53479062383704
668.4,3.53366946157724
669,3.53255033472987
669.6,3.53143323763361
670.2,3.53031816464329
670.8,3.52920511012982
671.4,3.52809406848021
672,3.52698503409743
672.6,3.52587800140045
673.2,3.52477296482414
673.8,3.52366991881926
674.4,3.5225688578524
675,3.5214697764059
675.6,3.52037266897788
676.2,3.51927753008213
676.8,3.51818435424809
677.4,3.51709313602081
678,3.5160038699609
678.6,3.51491655064448
679.2,3.51383117266314
679.8,3.5127477306239
680.4,3.51166621914916
681,3.51058663287665
681.6,3.50950896645942
682.2,3.50843321456575
682.8,3.50735937187911
683.4,3.50628743309818
684,3.50521739293673
684.6,3.50414924612361
685.2,3.50308298740271
685.8,3.5020186115329
686.4,3.50095611328801
687,3.49989548745678
687.6,3.4988367288428
688.2,3.4977798322645
688.8,3.49672479255505
689.4,3.49567160456241
690,3.49462026314919
690.6,3.49357076319267
691.2,3.49252309958475
691.8,3.49147726723187
692.4,3.49043326105502
693,3.48939107598968
693.6,3.48835070698576
694.2,3.48731214900758
694.8,3.48627539703381
695.4,3.48524044605745
696,3.4842072910858
696.6,3.48317592714036
697.2,3.48214634925685
697.8,3.48111855248516
698.4,3.48009253188926
699,3.47906828254724
699.6,3.47804579955121
700.2,3.47702507800726
700.8,3.47600611303546
701.4,3.47498889976978
702,3.47397343335809
702.6,3.47295970896208
703.2,3.47194772175724
703.8,3.47093746693281
704.4,3.46992893969178
705,3.46892213525079
705.6,3.46791704884013
706.2,3.4669136757037
706.8,3.46591201109895
707.4,3.46491205029687
708,3.46391378858193
708.6,3.46291722125205
709.2,3.46192234361854
709.8,3.4609291510061
710.4,3.45993763875277
711,3.45894780220987
711.6,3.45795963674197
712.2,3.45697313772689
712.8,3.45598830055559
713.4,3.4550051206322
714,3.45402359337395
714.6,3.45304371421114
715.2,3.45206547858711
715.8,3.45108888195816
716.4,3.45011391979358
717,3.44914058757558
717.6,3.44816888079923
718.2,3.44719879497247
718.8,3.44623032561603
719.4,3.44526346826342
720,3.4442982184609
720.6,3.4433345717674
721.2,3.44237252375454
721.8,3.44141207000657
722.4,3.4404532061203
723,3.43949592770513
723.6,3.43854023038297
724.2,3.4375861097882
724.8,3.43663356156766
725.4,3.4356825813806
726,3.43473316489865
726.6,3.43378530780578
727.2,3.43283900579828
727.8,3.43189425458468
728.4,3.43095104988577
729,3.43000938743454
729.6,3.42906926297615
730.2,3.42813067226788
730.8,3.4271936110791
731.4,3.42625807519128
732,3.42532406039788
732.6,3.42439156250436
733.2,3.42346057732817
733.8,3.42253110069865
734.4,3.42160312845705
735,3.42067665645646
735.6,3.41975168056183
736.2,3.41882819664986
736.8,3.41790620060902
737.4,3.41698568833952
738,3.41606665575324
738.6,3.41514909877371
739.2,3.41423301333611
739.8,3.41331839538718
740.4,3.41240524088523
741,3.4114935458001
741.6,3.41058330611311
742.2,3.40967451781704
742.8,3.40876717691609
743.4,3.40786127942587
744,3.40695682137332
744.6,3.40605379879674
745.2,3.40515220774571
745.8,3.40425204428105
746.4,3.40335330447486
747,3.4024559844104
747.6,3.4015600801821
748.2,3.40066558789555
748.8,3.3997725036674
749.4,3.39888082362542
750,3.39799054390838
750.6,3.39710166066608
751.2,3.39621417005929
751.8,3.39532806825973
752.4,3.39444335145001
753,3.39356001582366
753.6,3.39267805758504
754.2,3.39179747294933
754.8,3.3909182581425
755.4,3.39004040940129
756,3.38916392297316
756.6,3.38828879511626
757.2,3.38741502209943
757.8,3.38654260020212
758.4,3.3856715257144
759,3.38480179493692
759.6,3.38393340418086
760.2,3.38306634976794
760.8,3.38220062803034
761.4,3.38133623531071
762,3.38047316796211
762.6,3.37961142234803
763.2,3.37875099484229
763.8,3.37789188182907
764.4,3.37703407970284
765,3.37617758486836
765.6,3.37532239374064
766.2,3.3744685027449
766.8,3.37361590831655
767.4,3.37276460690116
768,3.37191459495445
768.6,3.37106586894222
769.2,3.37021842534036
769.8,3.3693722606348
770.4,3.36852737132147
771,3.36768375390632
771.6,3.36684140490523
772.2,3.36600032084404
772.8,3.36516049825846
773.4,3.3643219336941
774,3.3634846237064
774.6,3.36264856486063
775.2,3.36181375373185
775.8,3.36098018690487
776.4,3.36014786097424
777,3.35931677254423
777.6,3.35848691822876
778.2,3.35765829465142
778.8,3.35683089844544
779.4,3.3560047262536
780,3.3551797747283
780.6,3.35435604053144
781.2,3.35353352033446
781.8,3.35271221081828
782.4,3.35189210867326
783,3.35107321059923
783.6,3.3502555133054
784.2,3.34943901351036
784.8,3.34862370794207
785.4,3.34780959333779
786,3.3469966664441
786.6,3.34618492401683
787.2,3.34537436282109
787.8,3.34456497963118
788.4,3.3437567712306
789,3.34294973441201
789.6,3.34214386597724
790.2,3.34133916273721
790.8,3.34053562151192
791.4,3.33973323913045
792,3.33893201243092
792.6,3.33813193826045
793.2,3.33733301347515
793.8,3.33653523494008
794.4,3.33573859952924
795,3.33494310412555
795.6,3.3341487456208
796.2,3.33335552091564
796.8,3.33256342691955
797.4,3.33177246055082
798,3.33098261873652
798.6,3.33019389841249
799.2,3.32940629652328
799.8,3.32861981002216
800.4,3.32783443587107
801,3.32705017104064
801.6,3.32626701251009
802.2,3.32548495726727
802.8,3.32470400230861
803.4,3.32392414463911
804,3.32314538127228
804.6,3.32236770923016
805.2,3.32159112554327
805.8,3.32081562725058
806.4,3.32004121139953
807,3.31926787504593
807.6,3.31849561525401
808.2,3.31772442909635
808.8,3.31695431365388
809.4,3.31618526601584
810,3.31541728327978
810.6,3.3146503625515
811.2,3.31388450094505
811.8,3.31311969558272
812.4,3.31235594359497
813,3.31159324212047
813.6,3.31083158830601
814.2,3.31007097930654
814.8,3.30931141228509
815.4,3.30855288441278
816,3.30779539286881
816.6,3.30703893484039
817.2,3.30628350752275
817.8,3.30552910811913
818.4,3.30477573384071
819,3.30402338190664
819.6,3.30327204954398
820.2,3.30252173398769
820.8,3.30177243248061
821.4,3.30102414227344
822,3.30027686062471
822.6,3.29953058480074
823.2,3.29878531207568
823.8,3.29804103973141
824.4,3.29729776505757
825,3.29655548535151
825.6,3.2958141979183
826.2,3.29507390007066
826.8,3.29433458912899
827.4,3.29359626242131
828,3.29285891728326
828.6,3.29212255105805
829.2,3.29138716109649
829.8,3.29065274475692
830.4,3.2899192994052
831,3.28918682241471
831.6,3.28845531116629
832.2,3.28772476304825
832.8,3.28699517545636
833.4,3.28626654579378
834,3.28553887147109
834.6,3.28481214990622
835.2,3.28408637852448
835.8,3.2833615547585
836.4,3.28263767604823
837,3.28191473984091
837.6,3.28119274359105
838.2,3.28047168476042
838.8,3.279751560818
839.4,3.27903236923999
840,3.2783141075098
840.6,3.27759677311796
841.2,3.2768803635622
841.8,3.27616487634733
842.4,3.27545030898532
843,3.27473665899517
843.6,3.27402392390299
844.2,3.27331210124191
844.8,3.2726011885521
845.4,3.27189118338074
846,3.27118208328197
846.6,3.27047388581693
847.2,3.26976658855368
847.8,3.26906018906723
848.4,3.26835468493947
849,3.2676500737592
849.6,3.26694635312207
850.2,3.26624352063059
850.8,3.26554157389409
851.4,3.26484051052872
852,3.2641403281574
852.6,3.26344102440984
853.2,3.26274259692249
853.8,3.26204504333853
854.4,3.26134836130785
855,3.26065254848705
855.6,3.25995760253938
856.2,3.25926352113476
856.8,3.25857030194973
857.4,3.25787794266748
858,3.25718644097776
858.6,3.25649579457691
859.2,3.25580600116785
859.8,3.25511705846001
860.4,3.25442896416937
861,3.25374171601839
861.6,3.25305531173605
862.2,3.25236974905775
862.8,3.25168502572538
863.4,3.25100113948724
864,3.25031808809805
864.6,3.24963586931891
865.2,3.2489544809173
865.8,3.24827392066708
866.4,3.24759418634841
867,3.24691527574781
867.6,3.24623718665806
868.2,3.24555991687827
868.8,3.24488346421378
869.4,3.24420782647621
870,3.24353300148337
870.6,3.24285898705933
871.2,3.24218578103432
871.8,3.24151338124477
872.4,3.24084178553326
873,3.24017099174851
873.6,3.23950099774536
874.2,3.23883180138479
874.8,3.23816340053382
875.4,3.23749579306559
876,3.23682897685926
876.6,3.23616294980005
877.2,3.23549770977919
877.8,3.23483325469392
878.4,3.23416958244746
879,3.233506690949
879.6,3.23284457811369
880.2,3.23218324186261
880.8,3.23152268012276
881.4,3.23086289082703
882,3.23020387191422
882.6,3.22954562132897
883.2,3.22888813702179
883.8,3.22823141694902
884.4,3.2275754590728
885,3.22692026136111
885.6,3.22626582178768
886.2,3.22561213833202
886.8,3.22495920897938
887.4,3.22430703172078
888,3.22365560455292
888.6,3.22300492547821
889.2,3.22235499250477
889.8,3.22170580364636
890.4,3.22105735692242
891,3.220409650358
891.6,3.21976268198379
892.2,3.21911644983609
892.8,3.21847095195677
893.4,3.21782618639329
894,3.21718215119866
894.6,3.21653884443144
895.2,3.21589626415569
895.8,3.21525440844102
896.4,3.21461327536251
897,3.21397286300071
897.6,3.21333316944165
898.2,3.21269419277681
898.8,3.21205593110309
899.4,3.21141838252281
900,3.21078154514369
900.6,3.21014541707884
901.2,3.20950999644673
901.8,3.20887528137121
902.4,3.20824126998143
903,3.2076079604119
903.6,3.20697535080241
904.2,3.20634343929807
904.8,3.20571222404926
905.4,3.20508170321161
906,3.20445187494601
906.6,3.20382273741859
907.2,3.20319428880068
907.8,3.20256652726884
908.4,3.20193945100479
909,3.20131305819545
909.6,3.20068734703288
910.2,3.20006231571429
910.8,3.19943796244203
911.4,3.19881428542355
912,3.19819128287142
912.6,3.19756895300327
913.2,3.19694729404182
913.8,3.19632630421484
914.4,3.19570598175515
915,3.19508632490059
915.6,3.19446733189403
916.2,3.1938490009833
916.8,3.19323133042127
917.4,3.19261431846574
918,3.19199796337948
918.6,3.1913822634302
919.2,3.19076721689055
919.8,3.19015282203808
920.4,3.18953907715524
921,3.18892598052939
921.6,3.18831353045273
922.2,3.18770172522234
922.8,3.18709056314014
923.4,3.18648004251288
924,3.18587016165213
924.6,3.18526091887425
925.2,3.1846523125004
925.8,3.18404434085652
926.4,3.18343700227332
927,3.18283029508622
927.6,3.18222421763543
928.2,3.18161876826584
928.8,3.18101394532706
929.4,3.1804097471734
930,3.17980617216384
930.6,3.17920321866205
931.2,3.17860088503634
931.8,3.17799916965965
932.4,3.17739807090956
933,3.17679758716828
933.6,3.17619771682259
934.2,3.17559845826388
934.8,3.17499980988812
935.4,3.17440177009582
936,3.17380433729205
936.6,3.17320750988644
937.2,3.1726112862931
937.8,3.17201566493068
938.4,3.17142064422233
939,3.17082622259565
939.6,3.17023239848277
940.2,3.16963917032021
940.8,3.169046536549
941.4,3.16845449561457
942,3.16786304596677
942.6,3.16727218605988
943.2,3.16668191435255
943.8,3.16609222930782
944.4,3.16550312939312
945,3.16491461308022
945.6,3.16432667884523
946.2,3.16373932516862
946.8,3.16315255053516
947.4,3.16256635343393
948,3.1619807323583
948.6,3.16139568580596
949.2,3.16081121227883
949.8,3.1602273102831
950.4,3.15964397832923
951,3.15906121493189
951.6,3.15847901860998
952.2,3.15789738788663
952.8,3.15731632128913
953.4,3.156735817349
954,3.15615587460191
954.6,3.15557649158769
955.2,3.15499766685034
955.8,3.154419398938
956.4,3.15384168640291
957,3.15326452780146
957.6,3.15268792169412
958.2,3.15211186664546
958.8,3.15153636122415
959.4,3.15096140400289
960,3.15038699355847
960.6,3.14981312847171
961.2,3.14923980732748
961.8,3.14866702871466
962.4,3.14809479122615
963,3.14752309345883
963.6,3.14695193401359
964.2,3.14638131149529
964.8,3.14581122451277
965.4,3.14524167167879
966,3.1446726516101
966.6,3.14410416292733
967.2,3.14353620425507
967.8,3.14296877422181
968.4,3.14240187145993
969,3.1418354946057
969.6,3.14126964229928
970.2,3.14070431318468
970.8,3.14013950590976
971.4,3.13957521912624
972,3.13901145148966
972.6,3.13844820165939
973.2,3.13788546829859
973.8,3.13732325007426
974.4,3.13676154565714
975,3.13620035372178
975.6,3.13563967294648
976.2,3.13507950201332
976.8,3.13451983960809
977.4,3.13396068442035
978,3.13340203514336
978.6,3.1328438904741
979.2,3.13228624911326
979.8,3.13172910976522
980.4,3.13117247113802
981,3.13061633194341
981.6,3.13006069089678
982.2,3.12950554671715
982.8,3.12895089812723
983.4,3.12839674385331
984,3.12784308262532
984.6,3.1272899131768
985.2,3.1267372342449
985.8,3.12618504457033
986.4,3.1256333428974
987,3.12508212797397
987.6,3.12453139855148
988.2,3.12398115338491
988.8,3.12343139123276
989.4,3.12288211085707
990,3.12233331102341
990.6,3.12178499050083
991.2,3.1212371480619
991.8,3.12068978248266
992.4,3.12014289254265
993,3.11959647702485
993.6,3.11905053471572
994.2,3.11850506440515
994.8,3.11796006488647
995.4,3.11741553495646
996,3.11687147341528
996.6,3.11632787906654
997.2,3.11578475071721
997.8,3.11524208717767
998.4,3.11469988726169
999,3.11415814978637
999.6,3.11361687357222
1000.2,3.11307605744306
1000.8,3.11253570022606
1001.4,3.11199580075174
1002,3.11145635785393
1002.6,3.11091737036976
1003.2,3.11037883713967
1003.8,3.10984075700741
1004.4,3.10930312881999
1005,3.10876595142771
1005.6,3.10822922368413
1006.2,3.10769294444606
1006.8,3.10715711257357
1007.4,3.10662172692995
1008,3.10608678638174
1008.6,3.10555228979868
1009.2,3.10501823605372
1009.8,3.10448462402302
1010.4,3.10395145258593
1011,3.10341872062498
1011.6,3.10288642702587
1012.2,3.10235457067746
1012.8,3.10182315047179
1013.4,3.10129216530402
1014,3.10076161407245
1014.6,3.10023149567851
1015.2,3.09970180902676
1015.8,3.09917255302486
1016.4,3.09864372658357
1017,3.09811532861675
1017.6,3.09758735804134
1018.2,3.09705981377736
1018.8,3.09653269474787
1019.4,3.09600599987903
1020,3.09547972810002
1020.6,3.09495387834306
1021.2,3.09442844954342
1021.8,3.09390344063936
1022.4,3.0933788505722
1023,3.09285467828621
1023.6,3.09233092272872
1024.2,3.09180758284998
1024.8,3.09128465760328
1025.4,3.09076214594484
1026,3.09024004683386
1026.6,3.0897183592325
1027.2,3.08919708210585
1027.8,3.08867621442195
1028.4,3.08815575515176
1029,3.08763570326917
1029.6,3.08711605775096
1030.2,3.08659681757685
1030.8,3.08607798172943
1031.4,3.08555954919419
1032,3.08504151895948
1032.6,3.08452389001654
1033.2,3.08400666135947
1033.8,3.08348983198521
1034.4,3.08297340089358
1035,3.08245736708719
1035.6,3.08194172957152
1036.2,3.08142648735486
1036.8,3.0809116394483
1037.4,3.08039718486576
1038,3.07988312262395
1038.6,3.07936945174235
1039.2,3.07885617124325
1039.8,3.07834328015169
1040.4,3.07783077749551
1041,3.07731866230527
1041.6,3.0768069336143
1042.2,3.07629559045867
1042.8,3.07578463187718
1043.4,3.07527405691138
1044,3.0747638646055
1044.6,3.07425405400651
1045.2,3.07374462416407
1045.8,3.07323557413055
1046.4,3.07272690296099
1047,3.07221860971313
1047.6,3.07171069344737
1048.2,3.07120315322678
1048.8,3.07069598811707
1049.4,3.07018919718664
1050,3.06968277950649
1050.6,3.06917673415028
1051.2,3.0686710601943
1051.8,3.06816575671743
1052.4,3.0676608228012
1053,3.06715625752972
1053.6,3.06665205998971
1054.2,3.06614822927047
1054.8,3.0656447644639
1055.4,3.06514166466445
1056,3.06463892896915
1056.6,3.06413655647761
1057.2,3.06363454629197
1057.8,3.06313289751691
1058.4,3.06263160925967
1059,3.06213068063001
1059.6,3.06163011074022
1060.2,3.0611298987051
1060.8,3.06063004364197
1061.4,3.06013054467064
1062,3.05963140091342
1062.6,3.05913261149511
1063.2,3.058634175543
1063.8,3.05813609218684
1064.4,3.05763836055886
1065,3.05714097979374
1065.6,3.05664394902861
1066.2,3.05614726740306
1066.8,3.05565093405911
1067.4,3.05515494814122
1068,3.05465930879626
1068.6,3.05416401517354
1069.2,3.05366906642476
1069.8,3.05317446170403
1070.4,3.05268020016788
1071,3.05218628097519
1071.6,3.05169270328727
1072.2,3.05119946626776
1072.8,3.05070656908271
1073.4,3.05021401090052
1074,3.04972179089194
1074.6,3.04922990823007
1075.2,3.04873836209036
1075.8,3.0482471516506
1076.4,3.0477562760909
1077,3.04726573459371
1077.6,3.04677552634378
1078.2,3.04628565052817
1078.8,3.04579610633625
1079.4,3.0453068929597
1080,3.04481800959246
1080.6,3.04432945543079
1081.2,3.04384122967319
1081.8,3.04335333152046
1082.4,3.04286576017565
1083,3.04237851484408
1083.6,3.0418915947333
1084.2,3.04140499905313
1084.8,3.04091872701561
1085.4,3.04043277783503
1086,3.03994715072788
1086.6,3.0394618449129
1087.2,3.03897685961102
1087.8,3.03849219404538
1088.4,3.03800784744134
1089,3.03752381902644
1089.6,3.03704010803039
1090.2,3.03655671368512
1090.8,3.03607363522471
1091.4,3.0355908718854
1092,3.03510842290563
1092.6,3.03462628752597
1093.2,3.03414446498914
1093.8,3.03366295454002
1094.4,3.03318175542561
1095,3.03270086689505
1095.6,3.03222028819962
1096.2,3.0317400185927
1096.8,3.0312600573298
1097.4,3.03078040366853
1098,3.0303010568686
1098.6,3.02982201619182
1099.2,3.0293432809021
1099.8,3.0288648502654
1100.4,3.02838672354981
1101,3.02790890002545
1101.6,3.02743137896453
1102.2,3.02695415964131
1102.8,3.0264772413321
1103.4,3.02600062331527
1104,3.02552430487122
1104.6,3.02504828528242
1105.2,3.02457256383332
1105.8,3.02409713981044
1106.4,3.0236220125023
1107,3.02314718119943
1107.6,3.02267264519438
1108.2,3.02219840378169
1108.8,3.02172445625792
1109.4,3.02125080192159
1110,3.02077744007322
1110.6,3.02030437001532
1111.2,3.01983159105235
1111.8,3.01935910249077
1112.4,3.01888690363898
1113,3.01841499380734
1113.6,3.01794337230816
1114.2,3.01747203845571
1114.8,3.01700099156618
1115.4,3.01653023095772
1116,3.01605975595038
1116.6,3.01558956586616
1117.2,3.01511966002897
1117.8,3.01465003776462
1118.4,3.01418069840084
1119,3.01371164126727
1119.6,3.01324286569543
1120.2,3.01277437101875
1120.8,3.01230615657251
1121.4,3.01183822169391
1122,3.01137056572201
1122.6,3.01090318799774
1123.2,3.01043608786388
1123.8,3.0099692646651
1124.4,3.0095027177479
1125,3.00903644646064
1125.6,3.00857045015351
1126.2,3.00810472817854
1126.8,3.00763927988961
1127.4,3.00717410464242
1128,3.00670920179448
1128.6,3.00624457070513
1129.2,3.00578021073551
1129.8,3.00531612124857
1130.4,3.00485230160909
1131,3.00438875118359
1131.6,3.00392546934044
1132.2,3.00346245544975
1132.8,3.00299970888344
1133.4,3.0025372290152
1134,3.00207501522047
1134.6,3.00161306687649
1135.2,3.00115138336224
1135.8,3.00068996405845
1136.4,3.00022880834762
1137,2.99976791561398
1137.6,2.99930728524351
1138.2,2.99884691662392
1138.8,2.99838680914466
1139.4,2.99792696219689
1140,2.9974673751735
1140.6,2.9970080474691
1141.2,2.99654897848001
1141.8,2.99609016760424
1142.4,2.99563161424154
1143,2.9951733177933
1143.6,2.99471527766266
1144.2,2.99425749325441
1144.8,2.99379996397503
1145.4,2.99334268923268
1146,2.99288566843719
1146.6,2.99242890100006
1147.2,2.99197238633446
1147.8,2.99151612385521
1148.4,2.99106011297877
1149,2.99060435312327
1149.6,2.99014884370849
1150.2,2.98969358415581
1150.8,2.98923857388829
1151.4,2.9887838123306
1152,2.98832929890903
1152.6,2.9878750330515
1153.2,2.98742101418754
1153.8,2.9869672417483
1154.4,2.98651371516652
1155,2.98606043387657
1155.6,2.98560739731439
1156.2,2.98515460491752
1156.8,2.9847020561251
1157.4,2.98424975037785
1158,2.98379768711806
1158.6,2.9833458657896
1159.2,2.98289428583792
1159.8,2.98244294671002
1160.4,2.98199184785447
1161,2.9815409887214
1161.6,2.9810903687625
1162.2,2.98063998743098
1162.8,2.98018984418162
1163.4,2.97973993847072
1164,2.97929026975615
1164.6,2.97884083749726
1165.2,2.97839164115496
1165.8,2.97794268019169
1166.4,2.97749395407137
1167,2.97704546225948
1167.6,2.97659720422296
1168.2,2.97614917943029
1168.8,2.97570138735144
1169.4,2.97525382745788
1170,2.97480649922256
1170.6,2.97435940211992
1171.2,2.9739125356259
1171.8,2.97346589921789
1172.4,2.97301949237479
1173,2.97257331457695
1173.6,2.97212736530618
1174.2,2.97168164404576
1174.8,2.97123615028043
1175.4,2.97079088349639
1176,2.97034584318128
1176.6,2.96990102882418
1177.2,2.96945643991564
1177.8,2.9690120759476
1178.4,2.96856793641348
1179,2.96812402080809
1179.6,2.96768032862771
1180.2,2.96723685936999
1180.8,2.96679361253405
1181.4,2.96635058762037
1182,2.96590778413087
1182.6,2.96546520156888
1183.2,2.9650228394391
1183.8,2.96458069724767
1184.4,2.96413877450209
1185,2.96369707071125
1185.6,2.96325558538544
1186.2,2.96281431803633
1186.8,2.96237326817695
1187.4,2.96193243532172
1188,2.96149181898642
1188.6,2.96105141868821
1189.2,2.96061123394559
1189.8,2.96017126427843
1190.4,2.95973150920795
1191,2.95929196825672
1191.6,2.95885264094866
1192.2,2.95841352680902
1192.8,2.95797462536442
1193.4,2.95753593614277
1194,2.95709745867333
1194.6,2.95665919248671
1195.2,2.9562211371148
1195.8,2.95578329209084
1196.4,2.95534565694938
1197,2.95490823122628
1197.6,2.9544710144587
1198.2,2.95403400618511
1198.8,2.95359720594528
1199.4,2.95316061328029
1200,2.95272422773248
1200.6,2.95228804884552
1201.2,2.95185207616433
1201.8,2.95141630923515
1202.4,2.95098074760545
1203,2.95054539082402
1203.6,2.9501102384409
1204.2,2.94967529000739
1204.8,2.94924054507607
1205.4,2.94880600320078
1206,2.9483716639366
1206.6,2.94793752683988
1207.2,2.94750359146821
1207.8,2.94706985738043
1208.4,2.94663632413662
1209,2.94620299129811
1209.6,2.94576985842744
1210.2,2.94533692508841
1210.8,2.94490419084603
1211.4,2.94447165526654
1212,2.9440393179174
1212.6,2.9436071783673
1213.2,2.94317523618612
1213.8,2.94274349094497
1214.4,2.94231194221617
1215,2.94188058957323
1215.6,2.94144943259085
1216.2,2.94101847084497
1216.8,2.94058770391268
1217.4,2.94015713137229
1218,2.93972675280327
1218.6,2.9392965677863
1219.2,2.93886657590321
1219.8,2.93843677673705
1220.4,2.93800716987199
1221,2.93757775489342
1221.6,2.93714853138787
1222.2,2.93671949894302
1222.8,2.93629065714775
1223.4,2.93586200559207
1224,2.93543354386713
1224.6,2.93500527156527
1225.2,2.93457718827994
1225.8,2.93414929360576
1226.4,2.93372158713847
1227,2.93329406847496
1227.6,2.93286673721325
1228.2,2.93243959295248
1228.8,2.93201263529294
1229.4,2.93158586383603
1230,2.93115927818427
1230.6,2.93073287794129
1231.2,2.93030666271185
1231.8,2.92988063210183
1232.4,2.92945478571819
1233,2.92902912316901
1233.6,2.92860364406347
1234.2,2.92817834801186
1234.8,2.92775323462554
1235.4,2.92732830351699
1236,2.92690355429976
1236.6,2.9264789865885
1237.2,2.92605459999892
1237.8,2.92563039414785
1238.4,2.92520636865315
1239,2.9247825231338
1239.6,2.92435885720981
1240.2,2.92393537050227
1240.8,2.92351206263337
1241.4,2.9230889332263
1242,2.92266598190536
1242.6,2.92224320829588
1243.2,2.92182061202425
1243.8,2.9213981927179
1244.4,2.92097595000533
1245,2.92055388351606
1245.6,2.92013199288066
1246.2,2.91971027773073
1246.8,2.91928873769892
1247.4,2.91886737241891
1248,2.91844618152539
1248.6,2.91802516465409
1249.2,2.91760432144177
1249.8,2.91718365152619
1250.4,2.91676315454614
1251,2.91634283014142
1251.6,2.91592267795286
1252.2,2.91550269762226
1252.8,2.91508288879246
1253.4,2.91466325110729
1254,2.91424378421158
1254.6,2.91382448775115
1255.2,2.91340536137283
1255.8,2.91298640472443
1256.4,2.91256761745474
1257,2.91214899921357
1257.6,2.91173054965167
1258.2,2.91131226842079
1258.8,2.91089415517366
1259.4,2.91047620956399
1260,2.91005843124644
1260.6,2.90964081987667
1261.2,2.90922337511126
1261.8,2.9088060966078
1262.4,2.90838898402482
1263,2.9079720370218
1263.6,2.9075552552592
1264.2,2.90713863839841
1264.8,2.90672218610177
1265.4,2.90630589803258
1266,2.90588977385508
1266.6,2.90547381323444
1267.2,2.90505801583679
1267.8,2.90464238132918
1268.4,2.9042269093796
1269,2.90381159965696
1269.6,2.90339645183112
1270.2,2.90298146557285
1270.8,2.90256664055385
1271.4,2.90215197644672
1272,2.90173747292501
1272.6,2.90132312966316
1273.2,2.90090894633653
1273.8,2.9004949226214
1274.4,2.90008105819495
1275,2.89966735273525
1275.6,2.89925380592129
1276.2,2.89884041743297
1276.8,2.89842718695105
1277.4,2.89801411415721
1278,2.89760119873403
1278.6,2.89718844036496
1279.2,2.89677583873434
1279.8,2.89636339352741
1280.4,2.89595110443026
1281,2.8955389711299
1281.6,2.89512699331419
1282.2,2.89471517067186
1282.8,2.89430350289253
1283.4,2.89389198966667
1284,2.89348063068565
1284.6,2.89306942564166
1285.2,2.89265837422778
1285.8,2.89224747613794
1286.4,2.89183673106694
1287,2.89142613871042
1287.6,2.89101569876487
1288.2,2.89060541092764
1288.8,2.89019527489691
1289.4,2.88978529037174
1290,2.88937545705199
1290.6,2.8889657746384
1291.2,2.8885562428325
1291.8,2.8881468613367
1292.4,2.88773762985423
1293,2.88732854808913
1293.6,2.88691961574628
1294.2,2.88651083253141
1294.8,2.88610219815104
1295.4,2.88569371231251
1296,2.88528537472402
1296.6,2.88487718509453
1297.2,2.88446914313386
1297.8,2.88406124855261
1298.4,2.88365350106221
1299,2.88324590037489
1299.6,2.88283844620368
1300.2,2.88243113826242
1300.8,2.88202397626574
1301.4,2.88161695992909
1302,2.88121008896868
1302.6,2.88080336310154
1303.2,2.88039678204549
1303.8,2.87999034551912
1304.4,2.87958405324183
1305,2.87917790493379
1305.6,2.87877190031596
1306.2,2.87836603911007
1306.8,2.87796032103863
1307.4,2.87755474582493
1308,2.87714931319303
1308.6,2.87674402286776
1309.2,2.87633887457473
1309.8,2.8759338680403
1310.4,2.87552900299161
1311,2.87512427915653
1311.6,2.87471969626374
1312.2,2.87431525404264
1312.8,2.8739109522234
1313.4,2.87350679053693
1314,2.87310276871491
1314.6,2.87269888648977
1315.2,2.87229514359466
1315.8,2.8718915397635
1316.4,2.87148807473095
1317,2.8710847482324
1317.6,2.87068156000399
1318.2,2.87027850978258
1318.8,2.86987559730579
1319.4,2.86947282231196
1320,2.86907018454014
1320.6,2.86866768373014
1321.2,2.86826531962248
1321.8,2.8678630919584
1322.4,2.86746100047988
1323,2.86705904492959
1323.6,2.86665722505095
1324.2,2.86625554058808
1324.8,2.86585399128581
1325.4,2.86545257688968
1326,2.86505129714596
1326.6,2.86465015180161
1327.2,2.86424914060429
1327.8,2.86384826330238
1328.4,2.86344751964496
1329,2.86304690938179
1329.6,2.86264643226335
1330.2,2.86224608804081
1330.8,2.86184587646602
1331.4,2.86144579729154
1332,2.8610458502706
1332.6,2.86064603515715
1333.2,2.86024635170579
1333.8,2.85984679967182
1334.4,2.85944737881123
1335,2.85904808888066
1335.6,2.85864892963747
1336.2,2.85824990083967
1336.8,2.85785100224593
1337.4,2.85745223361563
1338,2.85705359470879
1338.6,2.85665508528612
1339.2,2.85625670510897
1339.8,2.85585845393938
1340.4,2.85546033154005
1341,2.85506233767431
1341.6,2.85466447210618
1342.2,2.85426673460034
1342.8,2.85386912492211
1343.4,2.85347164283745
1344,2.85307428811301
1344.6,2.85267706051606
1345.2,2.85227995981452
1345.8,2.85188298577696
1346.4,2.8514861381726
1347,2.8510894167713
1347.6,2.85069282134356
1348.2,2.8502963516605
1348.8,2.8499000074939
1349.4,2.84950378861617
1350,2.84910769480035
1350.6,2.84871172582011
1351.2,2.84831588144975
1351.8,2.84792016146419
1352.4,2.84752456563899
1353,2.84712909375034
1353.6,2.84673374557502
1354.2,2.84633852089047
1354.8,2.84594341947471
1355.4,2.84554844110641
1356,2.84515358556483
1356.6,2.84475885262987
1357.2,2.84436424208201
1357.8,2.84396975370236
1358.4,2.84357538727265
1359,2.84318114257518
1359.6,2.84278701939288
1360.2,2.84239301750929
1360.8,2.84199913670852
1361.4,2.84160537677532
1362,2.84121173749501
1362.6,2.84081821865351
1363.2,2.84042482003733
1363.8,2.8400315414336
1364.4,2.83963838263
1365,2.83924534341484
1365.6,2.83885242357699
1366.2,2.83845962290591
1366.8,2.83806694119165
1367.4,2.83767437822484
1368,2.83728193379671
1368.6,2.83688960769903
1369.2,2.83649739972417
1369.8,2.83610530966509
1370.4,2.8357133373153
1371,2.8353214824689
1371.6,2.83492974492054
1372.2,2.83453812446547
1372.8,2.83414662089947
1373.4,2.83375523401893
1374,2.83336396362077
1374.6,2.83297280950249
1375.2,2.83258177146213
1375.8,2.83219084929833
1376.4,2.83180004281025
1377,2.83140935179762
1377.6,2.83101877606074
1378.2,2.83062831540043
1378.8,2.8302379696181
1379.4,2.82984773851568
1380,2.82945762189566
1380.6,2.82906761956108
1381.2,2.82867773131553
1381.8,2.82828795696312
1382.4,2.82789829630854
1383,2.82750874915699
1383.6,2.82711931531422
1384.2,2.82672999458652
1384.8,2.82634078678072
1385.4,2.82595169170417
1386,2.82556270916476
1386.6,2.82517383897093
1387.2,2.82478508093161
1387.8,2.82439643485631
1388.4,2.82400790055502
1389,2.82361947783829
1389.6,2.82323116651717
1390.2,2.82284296640325
1390.8,2.82245487730863
1391.4,2.82206689904594
1392,2.82167903142831
1392.6,2.82129127426941
1393.2,2.82090362738341
1393.8,2.82051609058501
1394.4,2.82012866368939
1395,2.81974134651228
1395.6,2.81935413886989
1396.2,2.81896704057895
1396.8,2.8185800514567
1397.4,2.81819317132088
1398,2.81780639998973
1398.6,2.817419737282
1399.2,2.81703318301694
1399.8,2.8166467370143
1400.4,2.81626039909431
1401,2.81587416907773
1401.6,2.81548804678578
1402.2,2.8151020320402
1402.8,2.81471612466321
1403.4,2.81433032447753
1404,2.81394463130635
1404.6,2.81355904497337
1405.2,2.81317356530276
1405.8,2.81278819211919
1406.4,2.81240292524781
1407,2.81201776451424
1407.6,2.8116327097446
1408.2,2.81124776076547
1408.8,2.81086291740393
1409.4,2.81047817948753
1410,2.81009354684427
1410.6,2.80970901930267
1411.2,2.80932459669168
1411.8,2.80894027884076
1412.4,2.8085560655798
1413,2.8081719567392
1413.6,2.80778795214979
1414.2,2.8074040516429
1414.8,2.8070202550503
1415.4,2.80663656220424
1416,2.80625297293741
1416.6,2.805869487083
1417.2,2.80548610447461
1417.8,2.80510282494634
1418.4,2.80471964833273
1419,2.80433657446877
1419.6,2.80395360318992
1420.2,2.80357073433208
1420.8,2.80318796773161
1421.4,2.80280530322531
1422,2.80242274065044
1422.6,2.80204027984471
1423.2,2.80165792064626
1423.8,2.8012756628937
1424.4,2.80089350642606
1425,2.80051145108283
1425.6,2.80012949670394
1426.2,2.79974764312974
1426.8,2.79936589020105
1427.4,2.79898423775911
1428,2.7986026856456
1428.6,2.79822123370263
1429.2,2.79783988177275
1429.8,2.79745862969895
1430.4,2.79707747732464
1431,2.79669642449366
1431.6,2.79631547105029
1432.2,2.79593461683923
1432.8,2.7955538617056
1433.4,2.79517320549497
1434,2.79479264805331
1434.6,2.79441218922703
1435.2,2.79403182886294
1435.8,2.79365156680829
1436.4,2.79327140291075
1437,2.79289133701839
1437.6,2.79251136897972
1438.2,2.79213149864365
1438.8,2.79175172585952
1439.4,2.79137205047706
1440,2.79099247234644
1440.6,2.79061299131822
1441.2,2.79023360724337
1441.8,2.78985431997329
1442.4,2.78947512935978
1443,2.78909603525502
1443.6,2.78871703751163
1444.2,2.78833813598262
1444.8,2.7879593305214
1445.4,2.78758062098178
1446,2.787202007218
1446.6,2.78682348908465
1447.2,2.78644506643676
1447.8,2.78606673912974
1448.4,2.78568850701939
1449,2.78531036996192
1449.6,2.78493232781394
1450.2,2.78455438043242
1450.8,2.78417652767475
1451.4,2.7837987693987
1452,2.78342110546245
1452.6,2.78304353572453
1453.2,2.78266606004388
1453.8,2.78228867827984
1454.4,2.78191139029211
1455,2.78153419594078
1455.6,2.78115709508633
1456.2,2.78078008758962
1456.8,2.78040317331189
1457.4,2.78002635211476
1458,2.77964962386023
1458.6,2.77927298841066
1459.2,2.77889644562882
1459.8,2.77851999537782
1460.4,2.77814363752118
1461,2.77776737192276
1461.6,2.77739119844681
1462.2,2.77701511695795
1462.8,2.77663912732116
1463.4,2.77626322940181
1464,2.77588742306561
1464.6,2.77551170817866
1465.2,2.77513608460742
1465.8,2.7747605522187
1466.4,2.7743851108797
1467,2.77400976045797
1467.6,2.7736345008214
1468.2,2.77325933183828
1468.8,2.77288425337723
1469.4,2.77250926530724
1470,2.77213436749767
1470.6,2.77175955981821
1471.2,2.77138484213892
1471.8,2.77101021433021
1472.4,2.77063567626286
1473,2.77026122780798
1473.6,2.76988686883704
1474.2,2.76951259922186
1474.8,2.76913841883462
1475.4,2.76876432754783
1476,2.76839032523437
1476.6,2.76801641176744
1477.2,2.7676425870206
1477.8,2.76726885086776
1478.4,2.76689520318316
1479,2.7665216438414
1479.6,2.7661481727174
1480.2,2.76577478968644
1480.8,2.76540149462413
1481.4,2.76502828740642
1482,2.76465516790959
1482.6,2.76428213601028
1483.2,2.76390919158544
1483.8,2.76353633451237
1484.4,2.7631635646687
1485,2.76279088193239
1485.6,2.76241828618173
1486.2,2.76204577729536
1486.8,2.76167335515222
1487.4,2.7613010196316
1488,2.76092877061312
1488.6,2.76055660797671
1489.2,2.76018453160264
1489.8,2.75981254137151
1490.4,2.75944063716422
1491,2.75906881886203
1491.6,2.75869708634649
1492.2,2.75832543949949
1492.8,2.75795387820323
1493.4,2.75758240234024
1494,2.75721101179337
1494.6,2.75683970644577
1495.2,2.75646848618092
1495.8,2.75609735088263
1496.4,2.75572630043501
1497,2.75535533472247
1497.6,2.75498445362976
1498.2,2.75461365704194
1498.8,2.75424294484435
1499.4,2.75387231692269
1500,2.75350177316294
1500.6,2.75313131345138
1501.2,2.75276093767463
1501.8,2.75239064571958
1502.4,2.75202043747347
1503,2.7516503128238
1503.6,2.75128027165842
1504.2,2.75091031386544
1504.8,2.7505404393333
1505.4,2.75017064795073
1506,2.74980093960678
1506.6,2.74943131419079
1507.2,2.74906177159238
1507.8,2.74869231170149
1508.4,2.74832293440837
1509,2.74795363960354
1509.6,2.74758442717782
1510.2,2.74721529702234
1510.8,2.74684624902852
1511.4,2.74647728308806
1512,2.74610839909297
1512.6,2.74573959693555
1513.2,2.74537087650839
1513.8,2.74500223770435
1514.4,2.74463368041661
1515,2.74426520453862
1515.6,2.74389680996412
1516.2,2.74352849658715
1516.8,2.74316026430202
1517.4,2.74279211300334
1518,2.74242404258598
1518.6,2.74205605294512
1519.2,2.74168814397621
1519.8,2.74132031557499
1520.4,2.74095256763748
1521,2.74058490005997
1521.6,2.74021731273904
1522.2,2.73984980557154
1522.8,2.73948237845461
1523.4,2.73911503128567
1524,2.73874776396239
1524.6,2.73838057638275
1525.2,2.73801346844498
1525.8,2.73764644004759
1526.4,2.73727949108938
1527,2.73691262146939
1527.6,2.73654583108698
1528.2,2.73617911984173
1528.8,2.73581248763351
1529.4,2.73544593436248
1530,2.73507945992904
1530.6,2.73471306423388
1531.2,2.73434674717793
1531.8,2.73398050866241
1532.4,2.7336143485888
1533,2.73324826685885
1533.6,2.73288226337456
1534.2,2.73251633803821
1534.8,2.73215049075232
1535.4,2.73178472141971
1536,2.73141902994341
1536.6,2.73105341622676
1537.2,2.73068788017332
1537.8,2.73032242168694
1538.4,2.72995704067172
1539,2.729591737032
1539.6,2.72922651067239
1540.2,2.72886136149777
1540.8,2.72849628941325
1541.4,2.7281312943242
1542,2.72776637613627
1542.6,2.72740153475532
1543.2,2.7270367700875
1543.8,2.7266720820392
1544.4,2.72630747051704
1545,2.72594293542793
1545.6,2.725578476679
1546.2,2.72521409417763
1546.8,2.72484978783147
1547.4,2.72448555754839
1548,2.72412140323652
1548.6,2.72375732480424
1549.2,2.72339332216018
1549.8,2.72302939521319
1550.4,2.72266554387239
1551,2.72230176804712
1551.6,2.72193806764699
1552.2,2.72157444258183
1552.8,2.72121089276173
1553.4,2.72084741809699
1554,2.72048401849818
1554.6,2.7201206938761
1555.2,2.71975744414179
1555.8,2.71939426920651
1556.4,2.71903116898179
1557,2.71866814337936
1557.6,2.71830519231122
1558.2,2.71794231568957
1558.8,2.71757951342689
1559.4,2.71721678543584
1560,2.71685413162936
1560.6,2.71649155192059
1561.2,2.71612904622292
1561.8,2.71576661444997
1562.4,2.71540425651558
1563,2.71504197233383
1563.6,2.71467976181902
1564.2,2.71431762488568
1564.8,2.71395556144858
1565.4,2.71359357142271
1566,2.71323165472328
1566.6,2.71286981126573
1567.2,2.71250804096573
1567.8,2.71214634373917
1568.4,2.71178471950216
1569,2.71142316817105
1569.6,2.71106168966239
1570.2,2.71070028389297
1570.8,2.71033895077978
1571.4,2.70997769024007
1572,2.70961650219126
1572.6,2.70925538655103
1573.2,2.70889434323727
1573.8,2.70853337216807
1574.4,2.70817247326174
1575,2.70781164643684
1575.6,2.70745089161212
1576.2,2.70709020870653
1576.8,2.70672959763928
1577.4,2.70636905832975
1578,2.70600859069756
1578.6,2.70564819466253
1579.2,2.70528787014471
1579.8,2.70492761706435
1580.4,2.70456743534191
1581,2.70420732489806
1581.6,2.70384728565369
1582.2,2.7034873175299
1582.8,2.70312742044798
1583.4,2.70276759432945
1584,2.70240783909603
1584.6,2.70204815466964
1585.2,2.70168854097242
1585.8,2.70132899792671
1586.4,2.70096952545506
1587,2.70061012348021
1587.6,2.70025079192512
1588.2,2.69989153071296
1588.8,2.69953233976708
1589.4,2.69917321901105
1590,2.69881416836863
1590.6,2.69845518776381
1591.2,2.69809627712073
1591.8,2.69773743636379
1592.4,2.69737866541754
1593,2.69701996420675
1593.6,2.6966613326564
1594.2,2.69630277069166
1594.8,2.69594427823787
1595.4,2.69558585522061
1596,2.69522750156564
1596.6,2.6948692171989
1597.2,2.69451100204655
1597.8,2.69415285603493
1598.4,2.69379477909057
1599,2.69343677114021
1599.6,2.69307883211078
1600.2,2.69272096192938
1600.8,2.69236316052334
1601.4,2.69200542782014
1602,2.69164776374749
1602.6,2.69129016823326
1603.2,2.69093264120553
1603.8,2.69057518259255
1604.4,2.69021779232278
1605,2.68986047032486
1605.6,2.6895032165276
1606.2,2.68914603086003
1606.8,2.68878891325135
1607.4,2.68843186363093
1608,2.68807488192835
1608.6,2.68771796807338
1609.2,2.68736112199594
1609.8,2.68700434362617
1610.4,2.68664763289436
1611,2.68629098973103
1611.6,2.68593441406683
1612.2,2.68557790583262
1612.8,2.68522146495945
1613.4,2.68486509137852
1614,2.68450878502124
1614.6,2.68415254581919
1615.2,2.68379637370412
1615.8,2.68344026860797
1616.4,2.68308423046286
1617,2.68272825920107
1617.6,2.68237235475508
1618.2,2.68201651705754
1618.8,2.68166074604126
1619.4,2.68130504163925
1620,2.68094940378468
1620.6,2.68059383241089
1621.2,2.68023832745142
1621.8,2.67988288883997
1622.4,2.67952751651039
1623,2.67917221039673
1623.6,2.67881697043321
1624.2,2.67846179655422
1624.8,2.67810668869432
1625.4,2.67775164678823
1626,2.67739667077086
1626.6,2.67704176057727
1627.2,2.6766869161427
1627.8,2.67633213740257
1628.4,2.67597742429245
1629,2.67562277674808
1629.6,2.67526819470538
1630.2,2.67491367810042
1630.8,2.67455922686945
1631.4,2.67420484094889
1632,2.67385052027531
1632.6,2.67349626478545
1633.2,2.67314207441622
1633.8,2.6727879491047
1634.4,2.67243388878811
1635,2.67207989340385
1635.6,2.67172596288949
1636.2,2.67137209718276
1636.8,2.67101829622152
1637.4,2.67066455994384
1638,2.67031088828792
1638.6,2.66995728119213
1639.2,2.669603738595
1639.8,2.66925026043521
1640.4,2.66889684665161
1641,2.6685434971832
1641.6,2.66819021196916
1642.2,2.6678369909488
1642.8,2.6674838340616
1643.4,2.6671307412472
1644,2.66677771244539
1644.6,2.66642474759612
1645.2,2.66607184663949
1645.8,2.66571900951576
1646.4,2.66536623616534
1647,2.66501352652881
1647.6,2.66466088054688
1648.2,2.66430829816042
1648.8,2.66395577931048
1649.4,2.66360332393822
1650,2.66325093198498
1650.6,2.66289860339225
1651.2,2.66254633810165
1651.8,2.66219413605498
1652.4,2.66184199719416
1653,2.6614899214613
1653.6,2.66113790879861
1654.2,2.6607859591485
1654.8,2.66043407245348
1655.4,2.66008224865624
1656,2.65973048769962
1656.6,2.65937878952658
1657.2,2.65902715408026
1657.8,2.65867558130391
1658.4,2.65832407114096
1659,2.65797262353497
1659.6,2.65762123842965
1660.2,2.65726991576884
1660.8,2.65691865549655
1661.4,2.65656745755692
1662,2.65621632189422
1662.6,2.65586524845289
1663.2,2.6555142371775
1663.8,2.65516328801275
1664.4,2.65481240090351
1665,2.65446157579477
1665.6,2.65411081263166
1666.2,2.65376011135947
1666.8,2.65340947192361
1667.4,2.65305889426965
1668,2.65270837834328
1668.6,2.65235792409033
1669.2,2.65200753145679
1669.8,2.65165720038876
1670.4,2.65130693083251
1671,2.65095672273442
1671.6,2.65060657604101
1672.2,2.65025649069896
1672.8,2.64990646665507
1673.4,2.64955650385626
1674,2.64920660224961
1674.6,2.64885676178234
1675.2,2.64850698240178
1675.8,2.64815726405541
1676.4,2.64780760669085
1677,2.64745801025583
1677.6,2.64710847469823
1678.2,2.64675899996608
1678.8,2.6464095860075
1679.4,2.64606023277079
1680,2.64571094020433
1680.6,2.64536170825669
1681.2,2.64501253687653
1681.8,2.64466342601264
1682.4,2.64431437561396
1683,2.64396538562956
1683.6,2.64361645600862
1684.2,2.64326758670047
1684.8,2.64291877765456
1685.4,2.64257002882045
1686,2.64222134014787
1686.6,2.64187271158665
1687.2,2.64152414308675
1687.8,2.64117563459825
1688.4,2.64082718607137
1689,2.64047879745646
1689.6,2.64013046870398
1690.2,2.63978219976453
1690.8,2.63943399058883
1691.4,2.63908584112771
1692,2.63873775133216
1692.6,2.63838972115326
1693.2,2.63804175054222
1693.8,2.6376938394504
1694.4,2.63734598782924
1695,2.63699819563035
1695.6,2.63665046280542
1696.2,2.63630278930629
1696.8,2.63595517508492
1697.4,2.63560762009337
1698,2.63526012428384
1698.6,2.63491268760864
1699.2,2.63456531002022
1699.8,2.63421799147113
1700.4,2.63387073191404
1701,2.63352353130176
1701.6,2.63317638958719
1702.2,2.63282930672338
1702.8,2.63248228266346
1703.4,2.63213531736071
1704,2.63178841076853
1704.6,2.6314415628404
1705.2,2.63109477352996
1705.8,2.63074804279095
1706.4,2.63040137057721
1707,2.63005475684273
1707.6,2.62970820154158
1708.2,2.62936170462796
1708.8,2.62901526605621
1709.4,2.62866888578074
1710,2.62832256375611
1710.6,2.62797629993697
1711.2,2.62763009427809
1711.8,2.62728394673438
1712.4,2.62693785726082
1713,2.62659182581253
1713.6,2.62624585234474
1714.2,2.62589993681278
1714.8,2.6255540791721
1715.4,2.62520827937827
1716,2.62486253738695
1716.6,2.62451685315394
1717.2,2.62417122663512
1717.8,2.62382565778651
1718.4,2.6234801465642
1719,2.62313469292444
1719.6,2.62278929682354
1720.2,2.62244395821796
1720.8,2.62209867706424
1721.4,2.62175345331904
1722,2.62140828693914
1722.6,2.6210631778814
1723.2,2.62071812610281
1723.8,2.62037313156046
1724.4,2.62002819421154
1725,2.61968331401336
1725.6,2.61933849092332
1726.2,2.61899372489895
1726.8,2.61864901589787
1727.4,2.61830436387779
1728,2.61795976879656
1728.6,2.6176152306121
1729.2,2.61727074928246
1729.8,2.61692632476579
1730.4,2.61658195702033
1731,2.61623764600443
1731.6,2.61589339167655
1732.2,2.61554919399525
1732.8,2.61520505291919
1733.4,2.61486096840714
1734,2.61451694041795
1734.6,2.6141729689106
1735.2,2.61382905384416
1735.8,2.61348519517779
1736.4,2.61314139287077
1737,2.61279764688247
1737.6,2.61245395717237
1738.2,2.61211032370002
1738.8,2.61176674642512
1739.4,2.61142322530742
1740,2.61107976030681
1740.6,2.61073635138324
1741.2,2.61039299849679
1741.8,2.61004970160763
1742.4,2.60970646067602
1743,2.60936327566232
1743.6,2.609020146527
1744.2,2.60867707323062
1744.8,2.60833405573382
1745.4,2.60799109399736
1746,2.60764818798209
1746.6,2.60730533764896
1747.2,2.60696254295899
1747.8,2.60661980387334
1748.4,2.60627712035323
1749,2.60593449235998
1749.6,2.60559191985503
1750.2,2.60524940279988
1750.8,2.60490694115614
1751.4,2.60456453488553
1752,2.60422218394983
1752.6,2.60387988831095
1753.2,2.60353764793085
1753.8,2.60319546277163
1754.4,2.60285333279546
1755,2.60251125796459
1755.6,2.60216923824138
1756.2,2.60182727358828
1756.8,2.60148536396783
1757.4,2.60114350934266
1758,2.60080170967548
1758.6,2.60045996492912
1759.2,2.60011827506647
1759.8,2.59977664005053
1760.4,2.59943505984438
1761,2.5990935344112
1761.6,2.59875206371424
1762.2,2.59841064771687
1762.8,2.59806928638251
1763.4,2.59772797967471
1764,2.59738672755708
1764.6,2.59704552999332
1765.2,2.59670438694724
1765.8,2.59636329838271
1766.4,2.59602226426371
1767,2.5956812845543
1767.6,2.59534035921861
1768.2,2.59499948822089
1768.8,2.59465867152545
1769.4,2.59431790909669
1770,2.59397720089912
1770.6,2.59363654689729
1771.2,2.59329594705589
1771.8,2.59295540133965
1772.4,2.5926149097134
1773,2.59227447214208
1773.6,2.59193408859067
1774.2,2.59159375902427
1774.8,2.59125348340805
1775.4,2.59091326170726
1776,2.59057309388724
1776.6,2.59023297991342
1777.2,2.5898929197513
1777.8,2.58955291336647
1778.4,2.5892129607246
1779,2.58887306179145
1779.6,2.58853321653285
1780.2,2.58819342491472
1780.8,2.58785368690306
1781.4,2.58751400246395
1782,2.58717437156356
1782.6,2.58683479416813
1783.2,2.58649527024399
1783.8,2.58615579975754
1784.4,2.58581638267527
1785,2.58547701896374
1785.6,2.58513770858961
1786.2,2.58479845151959
1786.8,2.58445924772051
1787.4,2.58412009715923
1788,2.58378099980272
1788.6,2.58344195561804
1789.2,2.5831029645723
1789.8,2.58276402663269
1790.4,2.58242514176651
1791,2.5820863099411
1791.6,2.5817475311239
1792.2,2.58140880528243
1792.8,2.58107013238427
1793.4,2.58073151239709
1794,2.58039294528863
1794.6,2.58005443102671
1795.2,2.57971596957923
1795.8,2.57937756091416
1796.4,2.57903920499955
1797,2.57870090180353
1797.6,2.57836265129429
1798.2,2.57802445344011
1798.8,2.57768630820934
1799.4,2.5773482155704
1800,2.57701017549181
1800.6,2.57667218794212
1801.2,2.57633425289
1801.8,2.57599637030416
1802.4,2.5756585401534
1803,2.5753207624066
1803.6,2.57498303703269
1804.2,2.57464536400069
1804.8,2.5743077432797
1805.4,2.57397017483888
1806,2.57363265864746
1806.6,2.57329519467476
1807.2,2.57295778289015
1807.8,2.57262042326309
1808.4,2.5722831157631
1809,2.57194586035979
1809.6,2.5716086570228
1810.2,2.5712715057219
1810.8,2.57093440642687
1811.4,2.57059735910762
1812,2.57026036373408
1812.6,2.56992342027629
1813.2,2.56958652870433
1813.8,2.56924968898836
1814.4,2.56891290109862
1815,2.56857616500541
1815.6,2.5682394806791
1816.2,2.56790284809013
1816.8,2.56756626720901
1817.4,2.56722973800631
1818,2.5668932604527
1818.6,2.56655683451887
1819.2,2.56622046017562
1819.8,2.56588413739379
1820.4,2.56554786614431
1821,2.56521164639816
1821.6,2.5648754781264
1822.2,2.56453936130015
1822.8,2.5642032958906
1823.4,2.56386728186901
1824,2.56353131920669
1824.6,2.56319540787504
1825.2,2.56285954784551
1825.8,2.56252373908963
1826.4,2.56218798157899
1827,2.56185227528523
1827.6,2.56151662018008
1828.2,2.56118101623532
1828.8,2.5608454634228
1829.4,2.56050996171444
1830,2.56017451108221
1830.6,2.55983911149817
1831.2,2.55950376293441
1831.8,2.55916846536313
1832.4,2.55883321875654
1833,2.55849802308696
1833.6,2.55816287832674
1834.2,2.55782778444833
1834.8,2.5574927414242
1835.4,2.55715774922693
1836,2.55682280782911
1836.6,2.55648791720345
1837.2,2.55615307732267
1837.8,2.55581828815959
1838.4,2.55548354968708
1839,2.55514886187807
1839.6,2.55481422470555
1840.2,2.55447963814258
1840.8,2.55414510216227
1841.4,2.55381061673781
1842,2.55347618184243
1842.6,2.55314179744943
1843.2,2.55280746353218
1843.8,2.55247318006409
1844.4,2.55213894701866
1845,2.55180476436942
1845.6,2.55147063208998
1846.2,2.551136550154
1846.8,2.55080251853522
1847.4,2.5504685372074
1848,2.55013460614439
1848.6,2.5498007253201
1849.2,2.54946689470849
1849.8,2.54913311428358
1850.4,2.54879938401945
1851,2.54846570389025
1851.6,2.54813207387015
1852.2,2.54779849393343
1852.8,2.5474649640544
1853.4,2.54713148420742
1854,2.54679805436693
1854.6,2.54646467450743
1855.2,2.54613134460344
1855.8,2.54579806462958
1856.4,2.5454648345605
1857,2.54513165437093
1857.6,2.54479852403564
1858.2,2.54446544352945
1858.8,2.54413241282726
1859.4,2.54379943190401
1860,2.54346650073471
1860.6,2.5431336192944
1861.2,2.54280078755821
1861.8,2.54246800550129
1862.4,2.54213527309888
1863,2.54180259032625
1863.6,2.54146995715875
1864.2,2.54113737357175
1864.8,2.54080483954071
1865.4,2.54047235504113
1866,2.54013992004855
1866.6,2.5398075345386
1867.2,2.53947519848694
1867.8,2.53914291186927
1868.4,2.53881067466139
1869,2.53847848683911
1869.6,2.53814634837831
1870.2,2.53781425925494
1870.8,2.53748221944497
1871.4,2.53715022892444
1872,2.53681828766946
1872.6,2.53648639565617
1873.2,2.53615455286076
1873.8,2.5358227592595
1874.4,2.53549101482869
1875,2.53515931954469
1875.6,2.5348276733839
1876.2,2.53449607632279
1876.8,2.53416452833788
1877.4,2.53383302940573
1878,2.53350157950296
1878.6,2.53317017860624
1879.2,2.5328388266923
1879.8,2.53250752373789
1880.4,2.53217626971986
1881,2.53184506461507
1881.6,2.53151390840046
1882.2,2.53118280105299
1882.8,2.53085174254969
1883.4,2.53052073286765
1884,2.53018977198398
1884.6,2.52985885987587
1885.2,2.52952799652056
1885.8,2.5291971818953
1886.4,2.52886641597744
1887,2.52853569874435
1887.6,2.52820503017345
1888.2,2.52787441024223
1888.8,2.5275438389282
1889.4,2.52721331620895
1890,2.5268828420621
1890.6,2.52655241646532
1891.2,2.52622203939632
1891.8,2.52589171083289
1892.4,2.52556143075283
1893,2.52523119913402
1893.6,2.52490101595436
1894.2,2.52457088119182
1894.8,2.52424079482441
1895.4,2.52391075683018
1896,2.52358076718725
1896.6,2.52325082587376
1897.2,2.52292093286792
1897.8,2.52259108814796
1898.4,2.52226129169219
1899,2.52193154347894
1899.6,2.52160184348661
1900.2,2.52127219169362
1900.8,2.52094258807846
1901.4,2.52061303261966
1902,2.52028352529578
1902.6,2.51995406608545
1903.2,2.51962465496733
1903.8,2.51929529192014
1904.4,2.51896597692262
1905,2.51863670995359
1905.6,2.51830749099189
1906.2,2.51797832001641
1906.8,2.5176491970061
1907.4,2.51732012193994
1908,2.51699109479694
1908.6,2.5166621155562
1909.2,2.51633318419682
1909.8,2.51600430069797
1910.4,2.51567546503886
1911,2.51534667719873
1911.6,2.51501793715688
1912.2,2.51468924489266
1912.8,2.51436060038544
1913.4,2.51403200361466
1914,2.51370345455978
1914.6,2.51337495320031
1915.2,2.51304649951583
1915.8,2.51271809348592
1916.4,2.51238973509023
1917,2.51206142430846
1917.6,2.51173316112032
1918.2,2.5114049455056
1918.8,2.51107677744412
1919.4,2.51074865691572
1920,2.51042058390031
1920.6,2.51009255837783
1921.2,2.50976458032828
1921.8,2.50943664973168
1922.4,2.50910876656809
1923,2.50878093081763
1923.6,2.50845314246046
1924.2,2.50812540147677
1924.8,2.5077977078468
1925.4,2.50747006155082
1926,2.50714246256915
1926.6,2.50681491088216
1927.2,2.50648740647025
1927.8,2.50615994931386
1928.4,2.50583253939347
1929,2.50550517668962
1929.6,2.50517786118285
1930.2,2.50485059285379
1930.8,2.50452337168307
1931.4,2.50419619765138
1932,2.50386907073945
1932.6,2.50354199092805
1933.2,2.50321495819797
1933.8,2.50288797253008
1934.4,2.50256103390524
1935,2.5022341423044
1935.6,2.50190729770851
1936.2,2.50158050009858
1936.8,2.50125374945565
1937.4,2.5009270457608
1938,2.50060038899516
1938.6,2.50027377913989
1939.2,2.49994721617619
1939.8,2.49962070008529
1940.4,2.49929423084847
1941,2.49896780844706
1941.6,2.49864143286239
1942.2,2.49831510407587
1942.8,2.49798882206892
1943.4,2.49766258682302
1944,2.49733639831966
1944.6,2.4970102565404
1945.2,2.49668416146681
1945.8,2.49635811308052
1946.4,2.49603211136318
1947,2.49570615629649
1947.6,2.49538024786218
1948.2,2.49505438604202
1948.8,2.49472857081781
1949.4,2.4944028021714
1950,2.49407708008466
1950.6,2.49375140453953
1951.2,2.49342577551794
1951.8,2.49310019300189
1952.4,2.49277465697341
1953,2.49244916741455
1953.6,2.49212372430743
1954.2,2.49179832763417
1954.8,2.49147297737695
1955.4,2.49114767351797
1956,2.49082241603949
1956.6,2.49049720492377
1957.2,2.49017204015313
1957.8,2.48984692170993
1958.4,2.48952184957655
1959,2.48919682373541
1959.6,2.48887184416897
1960.2,2.48854691085972
1960.8,2.48822202379019
1961.4,2.48789718294294
1962,2.48757238830058
1962.6,2.48724763984572
1963.2,2.48692293756104
1963.8,2.48659828142923
1964.4,2.48627367143305
1965,2.48594910755524
1965.6,2.48562458977863
1966.2,2.48530011808605
1966.8,2.48497569246036
1967.4,2.48465131288449
1968,2.48432697934136
1968.6,2.48400269181396
1969.2,2.48367845028529
1969.8,2.48335425473839
1970.4,2.48303010515635
1971,2.48270600152226
1971.6,2.48238194381928
1972.2,2.48205793203057
1972.8,2.48173396613935
1973.4,2.48141004612886
1974,2.48108617198237
1974.6,2.4807623436832
1975.2,2.48043856121467
1975.8,2.48011482456018
1976.4,2.47979113370312
1977,2.47946748862692
1977.6,2.47914388931507
1978.2,2.47882033575107
1978.8,2.47849682791845
1979.4,2.47817336580078
1980,2.47784994938165
1980.6,2.47752657864471
1981.2,2.47720325357361
1981.8,2.47687997415206
1982.4,2.47655674036377
1983,2.47623355219252
1983.6,2.47591040962208
1984.2,2.47558731263628
1984.8,2.47526426121897
1985.4,2.47494125535405
1986,2.47461829502542
1986.6,2.47429538021703
1987.2,2.47397251091287
1987.8,2.47364968709693
1988.4,2.47332690875326
1989,2.47300417586594
1989.6,2.47268148841905
1990.2,2.47235884639674
1990.8,2.47203624978316
1991.4,2.47171369856252
1992,2.47139119271902
1992.6,2.47106873223693
1993.2,2.47074631710054
1993.8,2.47042394729414
1994.4,2.47010162280209
1995,2.46977934360877
1995.6,2.46945710969856
1996.2,2.46913492105592
1996.8,2.4688127776653
1997.4,2.46849067951119
1998,2.46816862657811
1998.6,2.46784661885062
1999.2,2.4675246563133
1999.8,2.46720273895076
2000.4,2.46688086674764
2001,2.4665590396886
2001.6,2.46623725775834
2002.2,2.46591552094159
2002.8,2.46559382922311
2003.4,2.46527218258768
2004,2.4649505810201
2004.6,2.46462902450523
2005.2,2.46430751302793
2005.8,2.4639860465731
2006.4,2.46366462512567
2007,2.46334324867058
2007.6,2.46302191719284
2008.2,2.46270063067743
2008.8,2.46237938910942
2009.4,2.46205819247385
2010,2.46173704075584
2010.6,2.46141593394049
2011.2,2.46109487201296
2011.8,2.46077385495844
2012.4,2.46045288276212
2013,2.46013195540924
2013.6,2.45981107288506
2014.2,2.45949023517487
2014.8,2.45916944226398
2015.4,2.45884869413774
2016,2.45852799078151
2016.6,2.45820733218071
2017.2,2.45788671832073
2017.8,2.45756614918705
2018.4,2.45724562476513
2019,2.45692514504048
2019.6,2.45660470999864
2020.2,2.45628431962515
2020.8,2.45596397390561
2021.4,2.45564367282563
2022,2.45532341637083
2022.6,2.45500320452689
2023.2,2.4546830372795
2023.8,2.45436291461437
2024.4,2.45404283651724
2025,2.45372280297388
2025.6,2.45340281397009
2026.2,2.45308286949168
2026.8,2.4527629695245
2027.4,2.45244311405442
2028,2.45212330306734
2028.6,2.45180353654919
2029.2,2.4514838144859
2029.8,2.45116413686345
2030.4,2.45084450366785
2031,2.45052491488512
2031.6,2.4502053705013
2032.2,2.44988587050247
2032.8,2.44956641487473
2033.4,2.4492470036042
2034,2.44892763667704
2034.6,2.44860831407942
2035.2,2.44828903579754
2035.8,2.44796980181763
2036.4,2.44765061212592
2037,2.4473314667087
2037.6,2.44701236555226
2038.2,2.44669330864293
2038.8,2.44637429596705
2039.4,2.446055327511
2040,2.44573640326116
2040.6,2.44541752320397
2041.2,2.44509868732586
2041.8,2.4447798956133
2042.4,2.44446114805278
2043,2.44414244463082
2043.6,2.44382378533397
2044.2,2.44350517014877
2044.8,2.44318659906182
2045.4,2.44286807205974
2046,2.44254958912915
2046.6,2.44223115025671
2047.2,2.44191275542911
2047.8,2.44159440463305
2048.4,2.44127609785526
2049,2.44095783508249
2049.6,2.44063961630151
2050.2,2.44032144149913
2050.8,2.44000331066216
2051.4,2.43968522377745
2052,2.43936718083186
2052.6,2.4390491818123
2053.2,2.43873122670565
2053.8,2.43841331549887
2054.4,2.43809544817892
2055,2.43777762473277
2055.6,2.43745984514742
2056.2,2.43714210940991
2056.8,2.43682441750727
2057.4,2.43650676942659
2058,2.43618916515496
2058.6,2.43587160467949
2059.2,2.43555408798731
2059.8,2.43523661506559
2060.4,2.43491918590152
2061,2.43460180048228
2061.6,2.43428445879512
2062.2,2.43396716082728
2062.8,2.43364990656602
2063.4,2.43333269599864
2064,2.43301552911246
2064.6,2.4326984058948
2065.2,2.43238132633302
2065.8,2.43206429041451
2066.4,2.43174729812665
2067,2.43143034945688
2067.6,2.43111344439264
2068.2,2.43079658292138
2068.8,2.43047976503059
2069.4,2.43016299070778
2070,2.42984625994047
2070.6,2.42952957271622
2071.2,2.42921292902259
2071.8,2.42889632884718
2072.4,2.42857977217759
2073,2.42826325900145
2073.6,2.42794678930643
2074.2,2.42763036308018
2074.8,2.42731398031041
2075.4,2.42699764098483
2076,2.42668134509117
2076.6,2.4263650926172
2077.2,2.42604888355068
2077.8,2.42573271787942
2078.4,2.42541659559123
2079,2.42510051667395
2079.6,2.42478448111543
2080.2,2.42446848890355
2080.8,2.42415254002621
2081.4,2.42383663447133
2082,2.42352077222684
2082.6,2.42320495328071
2083.2,2.42288917762091
2083.8,2.42257344523543
2084.4,2.4222577561123
2085,2.42194211023955
2085.6,2.42162650760524
2086.2,2.42131094819744
2086.8,2.42099543200425
2087.4,2.42067995901378
2088,2.42036452921417
2088.6,2.42004914259357
2089.2,2.41973379914016
2089.8,2.41941849884212
2090.4,2.41910324168768
2091,2.41878802766505
2091.6,2.41847285676249
2092.2,2.41815772896828
2092.8,2.41784264427069
2093.4,2.41752760265804
2094,2.41721260411864
2094.6,2.41689764864085
2095.2,2.41658273621303
2095.8,2.41626786682356
2096.4,2.41595304046085
2097,2.4156382571133
2097.6,2.41532351676937
2098.2,2.4150088194175
2098.8,2.41469416504618
2099.4,2.41437955364389
2100,2.41406498519916
2100.6,2.4137504597005
2101.2,2.41343597713647
2101.8,2.41312153749564
2102.4,2.41280714076659
2103,2.41249278693792
2103.6,2.41217847599826
2104.2,2.41186420793624
2104.8,2.41154998274053
2105.4,2.4112358003998
2106,2.41092166090274
2106.6,2.41060756423806
2107.2,2.4102935103945
2107.8,2.4099794993608
2108.4,2.40966553112572
2109,2.40935160567805
2109.6,2.40903772300659
2110.2,2.40872388310015
2110.8,2.40841008594757
2111.4,2.40809633153771
2112,2.40778261985942
2112.6,2.4074689509016
2113.2,2.40715532465316
2113.8,2.40684174110301
2114.4,2.4065282002401
2115,2.40621470205337
2115.6,2.40590124653181
2116.2,2.40558783366441
2116.8,2.40527446344016
2117.4,2.4049611358481
2118,2.40464785087727
2118.6,2.40433460851673
2119.2,2.40402140875554
2119.8,2.40370825158281
2120.4,2.40339513698763
2121,2.40308206495915
2121.6,2.40276903548649
2122.2,2.40245604855882
2122.8,2.40214310416531
2123.4,2.40183020229516
2124,2.40151734293756
2124.6,2.40120452608176
2125.2,2.40089175171698
2125.8,2.40057901983249
2126.4,2.40026633041756
2127,2.39995368346147
2127.6,2.39964107895355
2128.2,2.39932851688309
2128.8,2.39901599723946
2129.4,2.398703520012
2130,2.39839108519007
2130.6,2.39807869276308
2131.2,2.39776634272041
2131.8,2.39745403505149
2132.4,2.39714176974576
2133,2.39682954679266
2133.6,2.39651736618166
2134.2,2.39620522790224
2134.8,2.39589313194389
2135.4,2.39558107829614
2136,2.39526906694851
2136.6,2.39495709789054
2137.2,2.39464517111179
2137.8,2.39433328660184
2138.4,2.39402144435028
2139,2.39370964434672
2139.6,2.39339788658077
2140.2,2.39308617104207
2140.8,2.39277449772028
2141.4,2.39246286660505
2142,2.39215127768608
2142.6,2.39183973095307
2143.2,2.39152822639571
2143.8,2.39121676400375
2144.4,2.39090534376692
2145,2.39059396567498
2145.6,2.3902826297177
2146.2,2.38997133588487
2146.8,2.3896600841663
2147.4,2.3893488745518
2148,2.38903770703119
2148.6,2.38872658159434
2149.2,2.3884154982311
2149.8,2.38810445693134
2150.4,2.38779345768495
2151,2.38748250048185
2151.6,2.38717158531195
2152.2,2.38686071216518
2152.8,2.38654988103149
2153.4,2.38623909190085
2154,2.38592834476323
2154.6,2.38561763960863
2155.2,2.38530697642705
2155.8,2.38499635520851
2156.4,2.38468577594304
2157,2.3843752386207
2157.6,2.38406474323154
2158.2,2.38375428976564
2158.8,2.3834438782131
2159.4,2.38313350856402
2160,2.38282318080852
2160.6,2.38251289493672
2161.2,2.38220265093879
2161.8,2.38189244880487
2162.4,2.38158228852514
2163,2.38127217008979
2163.6,2.38096209348903
2164.2,2.38065205871306
2164.8,2.38034206575213
2165.4,2.38003211459646
2166,2.37972220523632
2166.6,2.37941233766197
2167.2,2.37910251186371
2167.8,2.37879272783183
2168.4,2.37848298555664
2169,2.37817328502845
2169.6,2.37786362623762
2170.2,2.3775540091745
2170.8,2.37724443382943
2171.4,2.37693490019281
2172,2.37662540825503
2172.6,2.37631595800648
2173.2,2.37600654943759
2173.8,2.37569718253879
2174.4,2.37538785730051
2175,2.37507857371322
2175.6,2.37476933176738
2176.2,2.37446013145348
2176.8,2.37415097276201
2177.4,2.37384185568348
2178,2.37353278020842
2178.6,2.37322374632735
2179.2,2.37291475403082
2179.8,2.3726058033094
2180.4,2.37229689415365
2181,2.37198802655416
2181.6,2.37167920050153
2182.2,2.37137041598637
2182.8,2.3710616729993
2183.4,2.37075297153096
2184,2.37044431157199
2184.6,2.37013569311306
2185.2,2.36982711614484
2185.8,2.36951858065801
2186.4,2.36921008664328
2187,2.36890163409135
2187.6,2.36859322299294
2188.2,2.3682848533388
2188.8,2.36797652511966
2189.4,2.3676682383263
2190,2.36735999294947
2190.6,2.36705178897997
2191.2,2.36674362640858
2191.8,2.36643550522613
2192.4,2.36612742542342
2193,2.36581938699129
2193.6,2.36551138992059
2194.2,2.36520343420217
2194.8,2.3648955198269
2195.4,2.36458764678566
2196,2.36427981506935
2196.6,2.36397202466885
2197.2,2.3636642755751
2197.8,2.36335656777902
2198.4,2.36304890127155
2199,2.36274127604363
2199.6,2.36243369208624
2200.2,2.36212614939035
2200.8,2.36181864794693
2201.4,2.361511187747
2202,2.36120376878156
2202.6,2.36089639104162
2203.2,2.36058905451823
2203.8,2.36028175920242
2204.4,2.35997450508526
2205,2.3596672921578
2205.6,2.35936012041113
2206.2,2.35905298983633
2206.8,2.3587459004245
2207.4,2.35843885216676
2208,2.35813184505424
2208.6,2.35782487907805
2209.2,2.35751795422936
2209.8,2.35721107049931
2210.4,2.35690422787908
2211,2.35659742635984
2211.6,2.35629066593278
2212.2,2.35598394658911
2212.8,2.35567726832003
2213.4,2.35537063111678
2214,2.35506403497057
2214.6,2.35475747987267
2215.2,2.35445096581431
2215.8,2.35414449278678
2216.4,2.35383806078135
2217,2.35353166978931
2217.6,2.35322531980195
2218.2,2.35291901081058
2218.8,2.35261274280654
2219.4,2.35230651578114
2220,2.35200032972573
2220.6,2.35169418463166
2221.2,2.3513880804903
2221.8,2.35108201729302
2222.4,2.3507759950312
2223,2.35047001369624
2223.6,2.35016407327955
2224.2,2.34985817377253
2224.8,2.34955231516662
2225.4,2.34924649745326
2226,2.34894072062388
2226.6,2.34863498466995
2227.2,2.34832928958294
2227.8,2.34802363535433
2228.4,2.34771802197559
2229,2.34741244943823
2229.6,2.34710691773377
2230.2,2.34680142685371
2230.8,2.34649597678959
2231.4,2.34619056753295
2232,2.34588519907533
2232.6,2.3455798714083
2233.2,2.34527458452342
2233.8,2.34496933841228
2234.4,2.34466413306647
2235,2.34435896847758
2235.6,2.34405384463722
2236.2,2.34374876153702
2236.8,2.3434437191686
2237.4,2.3431387175236
2238,2.34283375659367
2238.6,2.34252883637047
2239.2,2.34222395684567
2239.8,2.34191911801095
2240.4,2.34161431985799
2241,2.3413095623785
2241.6,2.34100484556417
2242.2,2.34070016940674
2242.8,2.34039553389792
2243.4,2.34009093902945
2244,2.33978638479308
2244.6,2.33948187118056
2245.2,2.33917739818365
2245.8,2.33887296579415
2246.4,2.33856857400381
2247,2.33826422280445
2247.6,2.33795991218787
2248.2,2.33765564214586
2248.8,2.33735141267027
2249.4,2.33704722375291
2250,2.33674307538564
2250.6,2.33643896756029
2251.2,2.33613490026873
2251.8,2.33583087350283
2252.4,2.33552688725446
2253,2.33522294151552
2253.6,2.33491903627789
2254.2,2.33461517153348
2254.8,2.33431134727421
2255.4,2.334007563492
2256,2.33370382017878
2256.6,2.3334001173265
2257.2,2.3330964549271
2257.8,2.33279283297254
2258.4,2.3324892514548
2259,2.33218571036584
2259.6,2.33188220969767
2260.2,2.33157874944226
2260.8,2.33127532959163
2261.4,2.3309719501378
2262,2.33066861107277
2262.6,2.33036531238858
2263.2,2.33006205407728
2263.8,2.3297588361309
2264.4,2.32945565854152
2265,2.32915252130119
2265.6,2.32884942440198
2266.2,2.32854636783599
2266.8,2.3282433515953
2267.4,2.32794037567201
2268,2.32763744005824
2268.6,2.3273345447461
2269.2,2.32703168972771
2269.8,2.32672887499522
2270.4,2.32642610054076
2271,2.32612336635649
2271.6,2.32582067243456
2272.2,2.32551801876716
2272.8,2.32521540534645
2273.4,2.32491283216462
2274,2.32461029921386
2274.6,2.32430780648638
2275.2,2.32400535397438
2275.8,2.3237029416701
2276.4,2.32340056956574
2277,2.32309823765356
2277.6,2.32279594592579
2278.2,2.32249369437469
2278.8,2.32219148299251
2279.4,2.32188931177153
2280,2.32158718070402
2280.6,2.32128508978227
2281.2,2.32098303899857
2281.8,2.32068102834522
2282.4,2.32037905781453
2283,2.32007712739881
2283.6,2.3197752370904
2284.2,2.31947338688163
2284.8,2.31917157676484
2285.4,2.31886980673237
2286,2.31856807677659
2286.6,2.31826638688986
2287.2,2.31796473706455
2287.8,2.31766312729305
2288.4,2.31736155756774
2289,2.31706002788103
2289.6,2.3167585382253
2290.2,2.31645708859299
2290.8,2.3161556789765
2291.4,2.31585430936828
2292,2.31555297976074
2292.6,2.31525169014634
2293.2,2.31495044051752
2293.8,2.31464923086676
2294.4,2.3143480611865
2295,2.31404693146923
2295.6,2.31374584170743
2296.2,2.31344479189359
2296.8,2.31314378202021
2297.4,2.31284281207978
2298,2.31254188206483
2298.6,2.31224099196787
2299.2,2.31194014178143
2299.8,2.31163933149805
2300.4,2.31133856111026
2301,2.31103783061062
2301.6,2.31073713999168
2302.2,2.31043648924601
2302.8,2.31013587836618
2303.4,2.30983530734477
2304,2.30953477617437
2304.6,2.30923428484756
2305.2,2.30893383335696
2305.8,2.30863342169517
2306.4,2.30833304985481
2307,2.30803271782849
2307.6,2.30773242560886
2308.2,2.30743217318854
2308.8,2.30713196056019
2309.4,2.30683178771645
2310,2.30653165464998
2310.6,2.30623156135346
2311.2,2.30593150781955
2311.8,2.30563149404093
2312.4,2.3053315200103
2313,2.30503158572034
2313.6,2.30473169116377
2314.2,2.30443183633328
2314.8,2.30413202122159
2315.4,2.30383224582143
2316,2.30353251012553
2316.6,2.30323281412662
2317.2,2.30293315781745
2317.8,2.30263354119076
2318.4,2.30233396423933
2319,2.3020344269559
2319.6,2.30173492933325
2320.2,2.30143547136416
2320.8,2.30113605304142
2321.4,2.30083667435782
2322,2.30053733530615
2322.6,2.30023803587922
2323.2,2.29993877606985
2323.8,2.29963955587084
2324.4,2.29934037527504
2325,2.29904123427527
2325.6,2.29874213286437
2326.2,2.29844307103518
2326.8,2.29814404878056
2327.4,2.29784506609337
2328,2.29754612296647
2328.6,2.29724721939274
2329.2,2.29694835536506
2329.8,2.2966495308763
2330.4,2.29635074591937
2331,2.29605200048716
2331.6,2.29575329457257
2332.2,2.29545462816853
2332.8,2.29515600126794
2333.4,2.29485741386373
2334,2.29455886594883
2334.6,2.29426035751619
2335.2,2.29396188855874
2335.8,2.29366345906943
2336.4,2.29336506904123
2337,2.29306671846708
2337.6,2.29276840733998
2338.2,2.29247013565288
2338.8,2.29217190339878
2339.4,2.29187371057066
2340,2.29157555716152
2340.6,2.29127744316435
2341.2,2.29097936857217
2341.8,2.29068133337798
2342.4,2.29038333757482
2343,2.29008538115569
2343.6,2.28978746411365
2344.2,2.28948958644172
2344.8,2.28919174813295
2345.4,2.28889394918039
2346,2.2885961895771
2346.6,2.28829846931614
2347.2,2.28800078839058
2347.8,2.2877031467935
2348.4,2.28740554451797
2349,2.28710798155708
2349.6,2.28681045790394
2350.2,2.28651297355163
2350.8,2.28621552849326
2351.4,2.28591812272195
2352,2.28562075623081
2352.6,2.28532342901296
2353.2,2.28502614106154
2353.8,2.28472889236967
2354.4,2.28443168293051
2355,2.28413451273719
2355.6,2.28383738178288
2356.2,2.28354029006073
2356.8,2.2832432375639
2357.4,2.28294622428556
2358,2.2826492502189
2358.6,2.28235231535709
2359.2,2.28205541969333
2359.8,2.2817585632208
2360.4,2.2814617459327
2361,2.28116496782225
2361.6,2.28086822888264
2362.2,2.28057152910711
2362.8,2.28027486848887
2363.4,2.27997824702114
2364,2.27968166469718
2364.6,2.2793851215102
2365.2,2.27908861745346
2365.8,2.27879215252021
2366.4,2.27849572670371
2367,2.27819933999721
2367.6,2.27790299239399
2368.2,2.27760668388732
2368.8,2.27731041447048
2369.4,2.27701418413675
2370,2.27671799287942
2370.6,2.27642184069179
2371.2,2.27612572756715
2371.8,2.27582965349882
2372.4,2.27553361848011
2373,2.27523762250434
2373.6,2.27494166556482
2374.2,2.27464574765488
2374.8,2.27434986876787
2375.4,2.27405402889712
2376,2.27375822803596
2376.6,2.27346246617777
2377.2,2.27316674331588
2377.8,2.27287105944366
2378.4,2.27257541455447
2379,2.2722798086417
2379.6,2.2719842416987
2380.2,2.27168871371887
2380.8,2.2713932246956
2381.4,2.27109777462227
2382,2.27080236349228
2382.6,2.27050699129904
2383.2,2.27021165803596
2383.8,2.26991636369645
2384.4,2.26962110827392
2385,2.2693258917618
2385.6,2.26903071415352
2386.2,2.26873557544252
2386.8,2.26844047562224
2387.4,2.26814541468611
2388,2.26785039262759
2388.6,2.26755540944014
2389.2,2.26726046511721
2389.8,2.26696555965226
2390.4,2.26667069303878
2391,2.26637586527023
2391.6,2.2660810763401
2392.2,2.26578632624187
2392.8,2.26549161496903
2393.4,2.26519694251507
2394,2.2649023088735
2394.6,2.26460771403783
2395.2,2.26431315800155
2395.8,2.2640186407582
2396.4,2.26372416230128
2397,2.26342972262433
2397.6,2.26313532172087
2398.2,2.26284095958444
2398.8,2.26254663620858
2399.4,2.26225235158683
2400,2.26195810571275
2400.6,2.26166389857988
2401.2,2.2613697301818
2401.8,2.26107560051206
2402.4,2.26078150956423
2403,2.26048745733188
2403.6,2.26019344380861
2404.2,2.25989946898798
2404.8,2.25960553286358
2405.4,2.25931163542902
2406,2.25901777667789
2406.6,2.25872395660379
2407.2,2.25843017520033
2407.8,2.25813643246112
2408.4,2.25784272837978
2409,2.25754906294992
2409.6,2.25725543616519
2410.2,2.2569618480192
2410.8,2.2566682985056
2411.4,2.25637478761802
2412,2.2560813153501
2412.6,2.25578788169551
2413.2,2.25549448664789
2413.8,2.2552011302009
2414.4,2.2549078123482
2415,2.25461453308347
2415.6,2.25432129240037
2416.2,2.25402809029259
2416.8,2.2537349267538
2417.4,2.25344180177769
2418,2.25314871535796
2418.6,2.25285566748829
2419.2,2.25256265816239
2419.8,2.25226968737396
2420.4,2.25197675511672
2421,2.25168386138436
2421.6,2.25139100617062
2422.2,2.25109818946922
2422.8,2.25080541127387
2423.4,2.25051267157832
2424,2.25021997037629
2424.6,2.24992730766153
2425.2,2.24963468342779
2425.8,2.2493420976688
2426.4,2.24904955037833
2427,2.24875704155013
2427.6,2.24846457117797
2428.2,2.2481721392556
2428.8,2.24787974577681
2429.4,2.24758739073536
2430,2.24729507412504
2430.6,2.24700279593962
2431.2,2.2467105561729
2431.8,2.24641835481867
2432.4,2.24612619187073
2433,2.24583406732287
2433.6,2.2455419811689
2434.2,2.24524993340262
2434.8,2.24495792401787
2435.4,2.24466595300844
2436,2.24437402036816
2436.6,2.24408212609086
2437.2,2.24379027017038
2437.8,2.24349845260053
2438.4,2.24320667337516
2439,2.24291493248813
2439.6,2.24262322993326
2440.2,2.24233156570441
2440.8,2.24203993979544
2441.4,2.2417483522002
2442,2.24145680291257
2442.6,2.2411652919264
2443.2,2.24087381923558
2443.8,2.24058238483396
2444.4,2.24029098871544
2445,2.2399996308739
2445.6,2.23970831130323
2446.2,2.23941702999731
2446.8,2.23912578695005
2447.4,2.23883458215534
2448,2.23854341560708
2448.6,2.2382522872992
2449.2,2.23796119722558
2449.8,2.23767014538017
2450.4,2.23737913175686
2451,2.2370881563496
2451.6,2.23679721915229
2452.2,2.23650632015888
2452.8,2.23621545936331
2453.4,2.23592463675951
2454,2.23563385234142
2454.6,2.23534310610299
2455.2,2.23505239803818
2455.8,2.23476172814094
2456.4,2.23447109640522
2457,2.234180502825
2457.6,2.23388994739423
2458.2,2.2335994301069
2458.8,2.23330895095696
2459.4,2.23301850993841
2460,2.23272810704522
2460.6,2.23243774227138
2461.2,2.23214741561088
2461.8,2.23185712705771
2462.4,2.23156687660587
2463,2.23127666424936
2463.6,2.23098648998219
2464.2,2.23069635379836
2464.8,2.23040625569189
2465.4,2.23011619565679
2466,2.22982617368709
2466.6,2.2295361897768
2467.2,2.22924624391996
2467.8,2.22895633611059
2468.4,2.22866646634273
2469,2.22837663461042
2469.6,2.2280868409077
2470.2,2.22779708522861
2470.8,2.22750736756721
2471.4,2.22721768791755
2472,2.22692804627368
2472.6,2.22663844262967
2473.2,2.22634887697957
2473.8,2.22605934931747
2474.4,2.22576985963742
2475,2.2254804079335
2475.6,2.22519099419979
2476.2,2.22490161843038
2476.8,2.22461228061935
2477.4,2.22432298076078
2478,2.22403371884877
2478.6,2.22374449487742
2479.2,2.22345530884083
2479.8,2.22316616073309
2480.4,2.22287705054832
2481,2.22258797828063
2481.6,2.22229894392413
2482.2,2.22200994747293
2482.8,2.22172098892116
2483.4,2.22143206826295
2484,2.22114318549242
2484.6,2.22085434060369
2485.2,2.22056553359092
2485.8,2.22027676444823
2486.4,2.21998803316976
2487,2.21969933974966
2487.6,2.21941068418209
2488.2,2.21912206646119
2488.8,2.21883348658111
2489.4,2.21854494453602
2490,2.21825644032007
2490.6,2.21796797392744
2491.2,2.21767954535229
2491.8,2.21739115458879
2492.4,2.21710280163112
2493,2.21681448647346
2493.6,2.21652620910999
2494.2,2.2162379695349
2494.8,2.21594976774237
2495.4,2.2156616037266
2496,2.21537347748178
2496.6,2.21508538900212
2497.2,2.2147973382818
2497.8,2.21450932531505
2498.4,2.21422135009606
2499,2.21393341261906
2499.6,2.21364551287824
2500.2,2.21335765086785
2500.8,2.21306982658208
2501.4,2.21278204001518
2502,2.21249429116137
2502.6,2.21220658001488
2503.2,2.21191890656994
2503.8,2.2116312708208
2504.4,2.21134367276169
2505,2.21105611238686
2505.6,2.21076858969055
2506.2,2.21048110466703
2506.8,2.21019365731053
2507.4,2.20990624761532
2508,2.20961887557566
2508.6,2.20933154118581
2509.2,2.20904424444004
2509.8,2.20875698533262
2510.4,2.20846976385781
2511,2.20818258000991
2511.6,2.20789543378318
2512.2,2.2076083251719
2512.8,2.20732125417038
2513.4,2.20703422077288
2514,2.20674722497371
2514.6,2.20646026676715
2515.2,2.20617334614751
2515.8,2.20588646310908
2516.4,2.20559961764618
2517,2.2053128097531
2517.6,2.20502603942416
2518.2,2.20473930665367
2518.8,2.20445261143594
2519.4,2.2041659537653
2520,2.20387933363606
2520.6,2.20359275104256
2521.2,2.20330620597912
2521.8,2.20301969844006
2522.4,2.20273322841973
2523,2.20244679591247
2523.6,2.2021604009126
2524.2,2.20187404341448
2524.8,2.20158772341246
2525.4,2.20130144090087
2526,2.20101519587407
2526.6,2.20072898832642
2527.2,2.20044281825227
2527.8,2.20015668564599
2528.4,2.19987059050194
2529,2.19958453281448
2529.6,2.19929851257798
2530.2,2.19901252978683
2530.8,2.19872658443538
2531.4,2.19844067651803
2532,2.19815480602914
2532.6,2.19786897296311
2533.2,2.19758317731433
2533.8,2.19729741907717
2534.4,2.19701169824604
2535,2.19672601481533
2535.6,2.19644036877943
2536.2,2.19615476013276
2536.8,2.19586918886971
2537.4,2.19558365498468
2538,2.1952981584721
2538.6,2.19501269932637
2539.2,2.1947272775419
2539.8,2.19444189311312
2540.4,2.19415654603444
2541,2.1938712363003
2541.6,2.1935859639051
2542.2,2.1933007288433
2542.8,2.1930155311093
2543.4,2.19273037069756
2544,2.19244524760251
2544.6,2.19216016181859
2545.2,2.19187511334023
2545.8,2.1915901021619
2546.4,2.19130512827803
2547,2.19102019168307
2547.6,2.19073529237149
2548.2,2.19045043033773
2548.8,2.19016560557626
2549.4,2.18988081808154
2550,2.18959606784803
2550.6,2.18931135487021
2551.2,2.18902667914253
2551.8,2.18874204065947
2552.4,2.18845743941552
2553,2.18817287540514
2553.6,2.18788834862282
2554.2,2.18760385906303
2554.8,2.18731940672028
2555.4,2.18703499158904
2556,2.18675061366381
2556.6,2.18646627293908
2557.2,2.18618196940935
2557.8,2.18589770306911
2558.4,2.18561347391287
2559,2.18532928193514
2559.6,2.18504512713042
2560.2,2.18476100949321
2560.8,2.18447692901804
2561.4,2.18419288569942
2562,2.18390887953186
2562.6,2.18362491050988
2563.2,2.18334097862801
2563.8,2.18305708388078
2564.4,2.1827732262627
2565,2.18248940576831
2565.6,2.18220562239215
2566.2,2.18192187612874
2566.8,2.18163816697263
2567.4,2.18135449491836
2568,2.18107085996047
2568.6,2.1807872620935
2569.2,2.180503701312
2569.8,2.18022017761053
2570.4,2.17993669098364
2571,2.17965324142587
2571.6,2.1793698289318
2572.2,2.17908645349598
2572.8,2.17880311511296
2573.4,2.17851981377733
2574,2.17823654948365
2574.6,2.17795332222648
2575.2,2.1776701320004
2575.8,2.17738697879999
2576.4,2.17710386261982
2577,2.17682078345447
2577.6,2.17653774129853
2578.2,2.17625473614657
2578.8,2.1759717679932
2579.4,2.17568883683299
2580,2.17540594266055
2580.6,2.17512308547046
2581.2,2.17484026525732
2581.8,2.17455748201573
2582.4,2.1742747357403
2583,2.17399202642562
2583.6,2.17370935406631
2584.2,2.17342671865698
2584.8,2.17314412019223
2585.4,2.17286155866667
2586,2.17257903407494
2586.6,2.17229654641164
2587.2,2.17201409567139
2587.8,2.17173168184882
2588.4,2.17144930493855
2589,2.17116696493522
2589.6,2.17088466183344
2590.2,2.17060239562787
2590.8,2.17032016631312
2591.4,2.17003797388384
2592,2.16975581833467
2592.6,2.16947369966024
2593.2,2.16919161785521
2593.8,2.16890957291421
2594.4,2.16862756483191
2595,2.16834559360294
2595.6,2.16806365922197
2596.2,2.16778176168364
2596.8,2.16749990098263
2597.4,2.16721807711357
2598,2.16693629007115
2598.6,2.16665453985002
2599.2,2.16637282644485
2599.8,2.16609114985032
2600.4,2.16580951006108
2601,2.16552790707182
2601.6,2.16524634087721
2602.2,2.16496481147193
2602.8,2.16468331885066
2603.4,2.16440186300809
2604,2.16412044393889
2604.6,2.16383906163776
2605.2,2.16355771609938
2605.8,2.16327640731845
2606.4,2.16299513528965
2607,2.1627139000077
2607.6,2.16243270146728
2608.2,2.16215153966309
2608.8,2.16187041458984
2609.4,2.16158932624223
2610,2.16130827461497
2610.6,2.16102725970276
2611.2,2.16074628150033
2611.8,2.16046534000237
2612.4,2.16018443520362
2613,2.15990356709878
2613.6,2.15962273568257
2614.2,2.15934194094973
2614.8,2.15906118289496
2615.4,2.158780461513
2616,2.15849977679858
2616.6,2.15821912874643
2617.2,2.15793851735127
2617.8,2.15765794260785
2618.4,2.1573774045109
2619,2.15709690305516
2619.6,2.15681643823536
2620.2,2.15653601004627
2620.8,2.15625561848261
2621.4,2.15597526353914
2622,2.15569494521061
2622.6,2.15541466349176
2623.2,2.15513441837735
2623.8,2.15485420986215
2624.4,2.15457403794089
2625,2.15429390260835
2625.6,2.15401380385929
2626.2,2.15373374168847
2626.8,2.15345371609066
2627.4,2.15317372706062
2628,2.15289377459312
2628.6,2.15261385868294
2629.2,2.15233397932485
2629.8,2.15205413651363
2630.4,2.15177433024406
2631,2.15149456051091
2631.6,2.15121482730897
2632.2,2.15093513063302
2632.8,2.15065547047785
2633.4,2.15037584683824
2634,2.15009625970899
2634.6,2.1498167090849
2635.2,2.14953719496074
2635.8,2.14925771733133
2636.4,2.14897827619146
2637,2.14869887153592
2637.6,2.14841950335952
2638.2,2.14814017165707
2638.8,2.14786087642337
2639.4,2.14758161765323
2640,2.14730239534146
2640.6,2.14702320948287
2641.2,2.14674406007228
2641.8,2.1464649471045
2642.4,2.14618587057435
2643,2.14590683047665
2643.6,2.14562782680621
2644.2,2.14534885955788
2644.8,2.14506992872646
2645.4,2.1447910343068
2646,2.14451217629371
2646.6,2.14423335468203
2647.2,2.1439545694666
2647.8,2.14367582064224
2648.4,2.1433971082038
2649,2.14311843214611
2649.6,2.14283979246402
2650.2,2.14256118915236
2650.8,2.14228262220599
2651.4,2.14200409161975
2652,2.14172559738849
2652.6,2.14144713950705
2653.2,2.1411687179703
2653.8,2.14089033277308
2654.4,2.14061198391026
2655,2.14033367137668
2655.6,2.14005539516722
2656.2,2.13977715527672
2656.8,2.13949895170006
2657.4,2.1392207844321
2658,2.13894265346771
2658.6,2.13866455880175
2659.2,2.1383865004291
2659.8,2.13810847834464
2660.4,2.13783049254322
2661,2.13755254301974
2661.6,2.13727462976906
2662.2,2.13699675278608
2662.8,2.13671891206567
2663.4,2.13644110760271
2664,2.13616333939209
2664.6,2.1358856074287
2665.2,2.13560791170743
2665.8,2.13533025222317
2666.4,2.13505262897081
2667,2.13477504194524
2667.6,2.13449749114137
2668.2,2.13421997655409
2668.8,2.13394249817829
2669.4,2.13366505600889
2670,2.13338765004078
2670.6,2.13311028026888
2671.2,2.13283294668808
2671.8,2.1325556492933
2672.4,2.13227838807944
2673,2.13200116304143
2673.6,2.13172397417417
2674.2,2.13144682147258
2674.8,2.13116970493157
2675.4,2.13089262454607
2676,2.130615580311
2676.6,2.13033857222128
2677.2,2.13006160027184
2677.8,2.12978466445759
2678.4,2.12950776477348
2679,2.12923090121442
2679.6,2.12895407377536
2680.2,2.12867728245122
2680.8,2.12840052723694
2681.4,2.12812380812745
2682,2.1278471251177
2682.6,2.12757047820262
2683.2,2.12729386737716
2683.8,2.12701729263626
2684.4,2.12674075397486
2685,2.12646425138791
2685.6,2.12618778487036
2686.2,2.12591135441717
2686.8,2.12563496002328
2687.4,2.12535860168364
2688,2.12508227939321
2688.6,2.12480599314695
2689.2,2.12452974293982
2689.8,2.12425352876678
2690.4,2.12397735062279
2691,2.12370120850281
2691.6,2.12342510240181
2692.2,2.12314903231475
2692.8,2.12287299823661
2693.4,2.12259700016236
2694,2.12232103808696
2694.6,2.12204511200539
2695.2,2.12176922191262
2695.8,2.12149336780364
2696.4,2.12121754967342
2697,2.12094176751695
2697.6,2.12066602132919
2698.2,2.12039031110514
2698.8,2.12011463683978
2699.4,2.1198389985281
2700,2.11956339616509
2700.6,2.11928782974574
2701.2,2.11901229926503
2701.8,2.11873680471796
2702.4,2.11846134609953
2703,2.11818592340474
2703.6,2.11791053662857
2704.2,2.11763518576603
2704.8,2.11735987081212
2705.4,2.11708459176185
2706,2.11680934861022
2706.6,2.11653414135223
2707.2,2.11625896998289
2707.8,2.11598383449721
2708.4,2.11570873489021
2709,2.11543367115689
2709.6,2.11515864329226
2710.2,2.11488365129135
2710.8,2.11460869514917
2711.4,2.11433377486074
2712,2.11405889042107
2712.6,2.1137840418252
2713.2,2.11350922906814
2713.8,2.11323445214492
2714.4,2.11295971105056
2715,2.11268500578009
2715.6,2.11241033632855
2716.2,2.11213570269096
2716.8,2.11186110486236
2717.4,2.11158654283777
2718,2.11131201661224
2718.6,2.1110375261808
2719.2,2.1107630715385
2719.8,2.11048865268036
2720.4,2.11021426960144
2721,2.10993992229677
2721.6,2.1096656107614
2722.2,2.10939133499038
2722.8,2.10911709497875
2723.4,2.10884289072157
2724,2.10856872221388
2724.6,2.10829458945074
2725.2,2.10802049242719
2725.8,2.10774643113831
2726.4,2.10747240557913
2727,2.10719841574473
2727.6,2.10692446163016
2728.2,2.10665054323048
2728.8,2.10637666054075
2729.4,2.10610281355604
2730,2.10582900227142
2730.6,2.10555522668194
2731.2,2.10528148678269
2731.8,2.10500778256873
2732.4,2.10473411403513
2733,2.10446048117696
2733.6,2.1041868839893
2734.2,2.10391332246723
2734.8,2.10363979660582
2735.4,2.10336630640016
2736,2.10309285184531
2736.6,2.10281943293637
2737.2,2.10254604966842
2737.8,2.10227270203653
2738.4,2.10199939003581
2739,2.10172611366133
2739.6,2.10145287290818
2740.2,2.10117966777146
2740.8,2.10090649824626
2741.4,2.10063336432766
2742,2.10036026601078
2742.6,2.10008720329069
2743.2,2.0998141761625
2743.8,2.09954118462131
2744.4,2.09926822866221
2745,2.09899530828032
2745.6,2.09872242347073
2746.2,2.09844957422855
2746.8,2.09817676054888
2747.4,2.09790398242683
2748,2.09763123985752
2748.6,2.09735853283604
2749.2,2.09708586135752
2749.8,2.09681322541707
2750.4,2.09654062500979
2751,2.09626806013081
2751.6,2.09599553077525
2752.2,2.09572303693821
2752.8,2.09545057861483
2753.4,2.09517815580022
2754,2.09490576848951
2754.6,2.09463341667782
2755.2,2.09436110036028
2755.8,2.09408881953201
2756.4,2.09381657418814
2757,2.09354436432381
2757.6,2.09327218993413
2758.2,2.09300005101426
2758.8,2.09272794755931
2759.4,2.09245587956442
2760,2.09218384702474
2760.6,2.09191184993539
2761.2,2.09163988829153
2761.8,2.09136796208828
2762.4,2.09109607132079
2763,2.09082421598421
2763.6,2.09055239607367
2764.2,2.09028061158433
2764.8,2.09000886251133
2765.4,2.08973714884982
2766,2.08946547059496
2766.6,2.08919382774188
2767.2,2.08892222028575
2767.8,2.08865064822172
2768.4,2.08837911154494
2769,2.08810761025058
2769.6,2.08783614433378
2770.2,2.08756471378971
2770.8,2.08729331861353
2771.4,2.0870219588004
2772,2.08675063434549
2772.6,2.08647934524395
2773.2,2.08620809149096
2773.8,2.08593687308168
2774.4,2.08566569001128
2775,2.08539454227493
2775.6,2.0851234298678
2776.2,2.08485235278507
2776.8,2.0845813110219
2777.4,2.08431030457348
2778,2.08403933343497
2778.6,2.08376839760157
2779.2,2.08349749706843
2779.8,2.08322663183076
2780.4,2.08295580188372
2781,2.0826850072225
2781.6,2.08241424784228
2782.2,2.08214352373825
2782.8,2.0818728349056
2783.4,2.08160218133951
2784,2.08133156303518
2784.6,2.08106097998779
2785.2,2.08079043219253
2785.8,2.08051991964461
2786.4,2.0802494423392
2787,2.07997900027151
2787.6,2.07970859343674
2788.2,2.07943822183008
2788.8,2.07916788544673
2789.4,2.07889758428189
2790,2.07862731833077
2790.6,2.07835708758857
2791.2,2.07808689205049
2791.8,2.07781673171173
2792.4,2.07754660656751
2793,2.07727651661303
2793.6,2.0770064618435
2794.2,2.07673644225413
2794.8,2.07646645784014
2795.4,2.07619650859673
2796,2.07592659451913
2796.6,2.07565671560254
2797.2,2.07538687184218
2797.8,2.07511706323327
2798.4,2.07484728977104
2799,2.07457755145069
2799.6,2.07430784826746
2800.2,2.07403818021656
2800.8,2.07376854729322
2801.4,2.07349894949266
2802,2.07322938681012
2802.6,2.07295985924081
2803.2,2.07269036677997
2803.8,2.07242090942282
2804.4,2.07215148716461
2805,2.07188210000056
2805.6,2.0716127479259
2806.2,2.07134343093587
2806.8,2.0710741490257
2807.4,2.07080490219064
2808,2.07053569042593
2808.6,2.07026651372679
2809.2,2.06999737208847
2809.8,2.06972826550623
2810.4,2.06945919397528
2811,2.06919015749089
2811.6,2.0689211560483
2812.2,2.06865218964275
2812.8,2.0683832582695
2813.4,2.06811436192379
2814,2.06784550060087
2814.6,2.067576674296
2815.2,2.06730788300442
2815.8,2.06703912672139
2816.4,2.06677040544217
2817,2.06650171916201
2817.6,2.06623306787617
2818.2,2.06596445157991
2818.8,2.06569587026849
2819.4,2.06542732393717
2820,2.06515881258121
2820.6,2.06489033619587
2821.2,2.06462189477642
2821.8,2.06435348831812
2822.4,2.06408511681625
2823,2.06381678026607
2823.6,2.06354847866284
2824.2,2.06328021200184
2824.8,2.06301198027834
2825.4,2.06274378348762
2826,2.06247562162494
2826.6,2.06220749468558
2827.2,2.06193940266482
2827.8,2.06167134555793
2828.4,2.06140332336019
2829,2.06113533606689
2829.6,2.06086738367329
2830.2,2.06059946617469
2830.8,2.06033158356637
2831.4,2.0600637358436
2832,2.05979592300168
2832.6,2.05952814503589
2833.2,2.05926040194152
2833.8,2.05899269371386
2834.4,2.05872502034819
2835,2.05845738183981
2835.6,2.05818977818401
2836.2,2.05792220937608
2836.8,2.05765467541132
2837.4,2.05738717628501
2838,2.05711971199246
2838.6,2.05685228252897
2839.2,2.05658488788983
2839.8,2.05631752807034
2840.4,2.05605020306581
2841,2.05578291287153
2841.6,2.0555156574828
2842.2,2.05524843689494
2842.8,2.05498125110324
2843.4,2.05471410010302
2844,2.05444698388957
2844.6,2.05417990245822
2845.2,2.05391285580426
2845.8,2.05364584392301
2846.4,2.05337886680978
2847,2.05311192445988
2847.6,2.05284501686863
2848.2,2.05257814403134
2848.8,2.05231130594333
2849.4,2.05204450259991
2850,2.0517777339964
2850.6,2.05151100012812
2851.2,2.0512443009904
2851.8,2.05097763657855
2852.4,2.05071100688789
2853,2.05044441191376
2853.6,2.05017785165147
2854.2,2.04991132609635
2854.8,2.04964483524372
2855.4,2.04937837908892
2856,2.04911195762727
2856.6,2.04884557085411
2857.2,2.04857921876475
2857.8,2.04831290135455
2858.4,2.04804661861882
2859,2.04778037055291
2859.6,2.04751415715215
2860.2,2.04724797841187
2860.8,2.04698183432741
2861.4,2.04671572489411
2862,2.04644965010732
2862.6,2.04618360996236
2863.2,2.04591760445459
2863.8,2.04565163357934
2864.4,2.04538569733196
2865,2.0451197957078
2865.6,2.04485392870219
2866.2,2.04458809631049
2866.8,2.04432229852805
2867.4,2.0440565353502
2868,2.04379080677231
2868.6,2.04352511278972
2869.2,2.04325945339779
2869.8,2.04299382859187
2870.4,2.04272823836731
2871,2.04246268271947
2871.6,2.0421971616437
2872.2,2.04193167513537
2872.8,2.04166622318982
2873.4,2.04140080580242
2874,2.04113542296854
2874.6,2.04087007468352
2875.2,2.04060476094273
2875.8,2.04033948174154
2876.4,2.04007423707531
2877,2.03980902693941
2877.6,2.0395438513292
2878.2,2.03927871024004
2878.8,2.03901360366732
2879.4,2.03874853160639
2880,2.03848349405263
2880.6,2.03821849100141
2881.2,2.0379535224481
2881.8,2.03768858838808
2882.4,2.03742368881671
2883,2.03715882372938
2883.6,2.03689399312146
2884.2,2.03662919698833
2884.8,2.03636443532537
2885.4,2.03609970812796
2886,2.03583501539147
2886.6,2.03557035711129
2887.2,2.03530573328281
2887.8,2.0350411439014
2888.4,2.03477658896244
2889,2.03451206846134
2889.6,2.03424758239346
2890.2,2.0339831307542
2890.8,2.03371871353895
2891.4,2.0334543307431
2892,2.03318998236203
2892.6,2.03292566839114
2893.2,2.03266138882583
2893.8,2.03239714366148
2894.4,2.03213293289348
2895,2.03186875651724
2895.6,2.03160461452815
2896.2,2.03134050692161
2896.8,2.03107643369301
2897.4,2.03081239483776
2898,2.03054839035126
2898.6,2.0302844202289
2899.2,2.03002048446609
2899.8,2.02975658305823
2900.4,2.02949271600073
2901,2.02922888328898
2901.6,2.02896508491841
2902.2,2.02870132088441
2902.8,2.02843759118239
2903.4,2.02817389580776
2904,2.02791023475594
2904.6,2.02764660802232
2905.2,2.02738301560233
2905.8,2.02711945749137
2906.4,2.02685593368487
2907,2.02659244417823
2907.6,2.02632898896687
2908.2,2.02606556804621
2908.8,2.02580218141166
2909.4,2.02553882905864
2910,2.02527551098258
2910.6,2.02501222717889
2911.2,2.024748977643
2911.8,2.02448576237032
2912.4,2.02422258135628
2913,2.02395943459631
2913.6,2.02369632208582
2914.2,2.02343324382025
2914.8,2.02317019979503
2915.4,2.02290719000557
2916,2.02264421444731
2916.6,2.02238127311569
2917.2,2.02211836600612
2917.8,2.02185549311404
2918.4,2.02159265443489
2919,2.0213298499641
2919.6,2.0210670796971
2920.2,2.02080434362933
2920.8,2.02054164175622
2921.4,2.02027897407321
2922,2.02001634057575
2922.6,2.01975374125926
2923.2,2.01949117611919
2923.8,2.01922864515098
2924.4,2.01896614835008
2925,2.01870368571192
2925.6,2.01844125723195
2926.2,2.01817886290561
2926.8,2.01791650272835
2927.4,2.01765417669562
2928,2.01739188480287
2928.6,2.01712962704553
2929.2,2.01686740341907
2929.8,2.01660521391892
2930.4,2.01634305854055
2931,2.0160809372794
2931.6,2.01581885013094
2932.2,2.0155567970906
2932.8,2.01529477815385
2933.4,2.01503279331614
2934,2.01477084257293
2934.6,2.01450892591968
2935.2,2.01424704335184
2935.8,2.01398519486488
2936.4,2.01372338045425
2937,2.01346160011541
2937.6,2.01319985384384
2938.2,2.01293814163498
2938.8,2.01267646348431
2939.4,2.01241481938728
2940,2.01215320933938
2940.6,2.01189163333605
2941.2,2.01163009137277
2941.8,2.01136858344501
2942.4,2.01110710954823
2943,2.01084566967791
2943.6,2.01058426382952
2944.2,2.01032289199853
2944.8,2.0100615541804
2945.4,2.00980025037063
2946,2.00953898056467
2946.6,2.00927774475801
2947.2,2.00901654294613
2947.8,2.00875537512449
2948.4,2.00849424128858
2949,2.00823314143387
2949.6,2.00797207555586
2950.2,2.00771104365
2950.8,2.0074500457118
2951.4,2.00718908173673
2952,2.00692815172027
2952.6,2.00666725565792
2953.2,2.00640639354514
2953.8,2.00614556537744
2954.4,2.00588477115029
2955,2.00562401085919
2955.6,2.00536328449962
2956.2,2.00510259206707
2956.8,2.00484193355704
2957.4,2.00458130896501
2958,2.00432071828648
2958.6,2.00406016151694
2959.2,2.00379963865188
2959.8,2.0035391496868
2960.4,2.00327869461719
2961,2.00301827343856
2961.6,2.00275788614639
2962.2,2.00249753273619
2962.8,2.00223721320345
2963.4,2.00197692754368
2964,2.00171667575237
2964.6,2.00145645782503
2965.2,2.00119627375716
2965.8,2.00093612354426
2966.4,2.00067600718184
2967,2.0004159246654
2967.6,2.00015587599045
2968.2,1.9998958611525
2968.8,1.99963588014704
2969.4,1.9993759329696
2970,1.99911601961568
2970.6,1.99885614008079
2971.2,1.99859629436044
2971.8,1.99833648245014
2972.4,1.99807670434541
2973,1.99781696004176
2973.6,1.99755724953471
2974.2,1.99729757281976
2974.8,1.99703792989244
2975.4,1.99677832074826
2976,1.99651874538274
2976.6,1.9962592037914
2977.2,1.99599969596976
2977.8,1.99574022191334
2978.4,1.99548078161766
2979,1.99522137507823
2979.6,1.9949620022906
2980.2,1.99470266325027
2980.8,1.99444335795277
2981.4,1.99418408639364
2982,1.99392484856838
2982.6,1.99366564447254
2983.2,1.99340647410164
2983.8,1.9931473374512
2984.4,1.99288823451676
2985,1.99262916529385
2985.6,1.992370129778
2986.2,1.99211112796473
2986.8,1.9918521598496
2987.4,1.99159322542811
2988,1.99133432469582
2988.6,1.99107545764826
2989.2,1.99081662428096
2989.8,1.99055782458946
2990.4,1.9902990585693
2991,1.99004032621601
2991.6,1.98978162752514
2992.2,1.98952296249222
2992.8,1.98926433111281
2993.4,1.98900573338243
2994,1.98874716929663
2994.6,1.98848863885095
2995.2,1.98823014204095
2995.8,1.98797167886216
2996.4,1.98771324931013
2997,1.98745485338041
2997.6,1.98719649106854
2998.2,1.98693816237007
2998.8,1.98667986728056
2999.4,1.98642160579555
3000,1.98616337791059
3000.6,1.98590518362124
3001.2,1.98564702292304
3001.8,1.98538889581155
3002.4,1.98513080228233
3003,1.98487274233093
3003.6,1.9846147159529
3004.2,1.9843567231438
3004.8,1.98409876389919
3005.4,1.98384083821463
3006,1.98358294608567
3006.6,1.98332508750788
3007.2,1.98306726247681
3007.8,1.98280947098804
3008.4,1.9825517130371
3009,1.98229398861959
3009.6,1.98203629773104
3010.2,1.98177864036704
3010.8,1.98152101652314
3011.4,1.98126342619491
3012,1.98100586937792
3012.6,1.98074834606774
3013.2,1.98049085625993
3013.8,1.98023339995007
3014.4,1.97997597713372
3015,1.97971858780645
3015.6,1.97946123196384
3016.2,1.97920390960145
3016.8,1.97894662071487
3017.4,1.97868936529966
3018,1.97843214335141
3018.6,1.97817495486568
3019.2,1.97791779983805
3019.8,1.9776606782641
3020.4,1.97740359013941
3021,1.97714653545955
3021.6,1.97688951422011
3022.2,1.97663252641666
3022.8,1.9763755720448
3023.4,1.97611865110009
3024,1.97586176357812
3024.6,1.97560490947447
3025.2,1.97534808878474
3025.8,1.97509130150449
3026.4,1.97483454762933
3027,1.97457782715483
3027.6,1.97432114007659
3028.2,1.97406448639018
3028.8,1.97380786609121
3029.4,1.97355127917526
3030,1.97329472563791
3030.6,1.97303820547477
3031.2,1.97278171868142
3031.8,1.97252526525346
3032.4,1.97226884518647
3033,1.97201245847606
3033.6,1.97175610511782
3034.2,1.97149978510734
3034.8,1.97124349844022
3035.4,1.97098724511206
3036,1.97073102511846
3036.6,1.97047483845501
3037.2,1.97021868511732
3037.8,1.96996256510098
3038.4,1.96970647840159
3039,1.96945042501477
3039.6,1.96919440493611
3040.2,1.96893841816121
3040.8,1.96868246468568
3041.4,1.96842654450512
3042,1.96817065761514
3042.6,1.96791480401135
3043.2,1.96765898368934
3043.8,1.96740319664475
3044.4,1.96714744287316
3045,1.96689172237018
3045.6,1.96663603513144
3046.2,1.96638038115254
3046.8,1.96612476042909
3047.4,1.96586917295671
3048,1.965613618731
3048.6,1.96535809774759
3049.2,1.96510261000208
3049.8,1.9648471554901
3050.4,1.96459173420725
3051,1.96433634614916
3051.6,1.96408099131144
3052.2,1.96382566968972
3052.8,1.9635703812796
3053.4,1.96331512607672
3054,1.96305990407669
3054.6,1.96280471527514
3055.2,1.96254955966768
3055.8,1.96229443724994
3056.4,1.96203934801754
3057,1.96178429196611
3057.6,1.96152926909128
3058.2,1.96127427938866
3058.8,1.96101932285389
3059.4,1.96076439948259
3060,1.96050950927039
3060.6,1.96025465221292
3061.2,1.95999982830582
3061.8,1.9597450375447
3062.4,1.95949027992521
3063,1.95923555544297
3063.6,1.95898086409362
3064.2,1.95872620587278
3064.8,1.9584715807761
3065.4,1.95821698879921
3066,1.95796242993775
3066.6,1.95770790418735
3067.2,1.95745341154364
3067.8,1.95719895200227
3068.4,1.95694452555888
3069,1.9566901322091
3069.6,1.95643577194857
3070.2,1.95618144477294
3070.8,1.95592715067784
3071.4,1.95567288965893
3072,1.95541866171183
3072.6,1.9551644668322
3073.2,1.95491030501569
3073.8,1.95465617625792
3074.4,1.95440208055456
3075,1.95414801790124
3075.6,1.95389398829362
3076.2,1.95363999172734
3076.8,1.95338602819806
3077.4,1.95313209770141
3078,1.95287820023306
3078.6,1.95262433578865
3079.2,1.95237050436384
3079.8,1.95211670595427
3080.4,1.9518629405556
3081,1.95160920816348
3081.6,1.95135550877357
3082.2,1.95110184238153
3082.8,1.95084820898301
3083.4,1.95059460857366
3084,1.95034104114915
3084.6,1.95008750670513
3085.2,1.94983400523726
3085.8,1.9495805367412
3086.4,1.94932710121261
3087,1.94907369864716
3087.6,1.9488203290405
3088.2,1.94856699238829
3088.8,1.94831368868621
3089.4,1.94806041792991
3090,1.94780718011505
3090.6,1.94755397523731
3091.2,1.94730080329236
3091.8,1.94704766427584
3092.4,1.94679455818345
3093,1.94654148501083
3093.6,1.94628844475367
3094.2,1.94603543740762
3094.8,1.94578246296837
3095.4,1.94552952143158
3096,1.94527661279292
3096.6,1.94502373704808
3097.2,1.94477089419271
3097.8,1.94451808422249
3098.4,1.9442653071331
3099,1.94401256292022
3099.6,1.94375985157952
3100.2,1.94350717310667
3100.8,1.94325452749735
3101.4,1.94300191474725
3102,1.94274933485204
3102.6,1.9424967878074
3103.2,1.94224427360901
3103.8,1.94199179225255
3104.4,1.9417393437337
3105,1.94148692804815
3105.6,1.94123454519158
3106.2,1.94098219515967
3106.8,1.94072987794811
3107.4,1.94047759355258
3108,1.94022534196876
3108.6,1.93997312319235
3109.2,1.93972093721904
3109.8,1.9394687840445
3110.4,1.93921666366443
3111,1.93896457607452
3111.6,1.93871252127045
3112.2,1.93846049924793
3112.8,1.93820851000263
3113.4,1.93795655353025
3114,1.93770462982649
3114.6,1.93745273888704
3115.2,1.93720088070759
3115.8,1.93694905528384
3116.4,1.93669726261148
3117,1.93644550268621
3117.6,1.93619377550372
3118.2,1.93594208105972
3118.8,1.9356904193499
3119.4,1.93543879036997
3120,1.93518719411561
3120.6,1.93493563058254
3121.2,1.93468409976644
3121.8,1.93443260166303
3122.4,1.93418113626801
3123,1.93392970357708
3123.6,1.93367830358594
3124.2,1.9334269362903
3124.8,1.93317560168587
3125.4,1.93292429976834
3126,1.93267303053343
3126.6,1.93242179397684
3127.2,1.93217059009429
3127.8,1.93191941888147
3128.4,1.93166828033411
3129,1.9314171744479
3129.6,1.93116610121857
3130.2,1.93091506064181
3130.8,1.93066405271335
3131.4,1.9304130774289
3132,1.93016213478416
3132.6,1.92991122477486
3133.2,1.92966034739671
3133.8,1.92940950264542
3134.4,1.92915869051671
3135,1.9289079110063
3135.6,1.92865716410991
3136.2,1.92840644982325
3136.8,1.92815576814204
3137.4,1.927905119062
3138,1.92765450257885
3138.6,1.92740391868832
3139.2,1.92715336738612
3139.8,1.92690284866797
3140.4,1.92665236252961
3141,1.92640190896675
3141.6,1.92615148797511
3142.2,1.92590109955043
3142.8,1.92565074368842
3143.4,1.92540042038482
3144,1.92515012963535
3144.6,1.92489987143574
3145.2,1.92464964578171
3145.8,1.92439945266901
3146.4,1.92414929209334
3147,1.92389916405046
3147.6,1.92364906853608
3148.2,1.92339900554593
3148.8,1.92314897507576
3149.4,1.92289897712129
3150,1.92264901167826
3150.6,1.92239907874241
3151.2,1.92214917830946
3151.8,1.92189931037515
3152.4,1.92164947493522
3153,1.9213996719854
3153.6,1.92114990152144
3154.2,1.92090016353907
3154.8,1.92065045803404
3155.4,1.92040078500207
3156,1.92015114443891
3156.6,1.91990153634031
3157.2,1.919651960702
3157.8,1.91940241751972
3158.4,1.91915290678922
3159,1.91890342850625
3159.6,1.91865398266654
3160.2,1.91840456926584
3160.8,1.9181551882999
3161.4,1.91790583976447
3162,1.91765652365528
3162.6,1.9174072399681
3163.2,1.91715798869865
3163.8,1.91690876984271
3164.4,1.91665958339601
3165,1.9164104293543
3165.6,1.91616130771334
3166.2,1.91591221846888
3166.8,1.91566316161666
3167.4,1.91541413715245
3168,1.915165145072
3168.6,1.91491618537105
3169.2,1.91466725804538
3169.8,1.91441836309072
3170.4,1.91416950050283
3171,1.91392067027748
3171.6,1.91367187241043
3172.2,1.91342310689742
3172.8,1.91317437373422
3173.4,1.91292567291658
3174,1.91267700444027
3174.6,1.91242836830106
3175.2,1.91217976449469
3175.8,1.91193119301693
3176.4,1.91168265386354
3177,1.9114341470303
3177.6,1.91118567251295
3178.2,1.91093723030727
3178.8,1.91068882040902
3179.4,1.91044044281397
3180,1.91019209751788
3180.6,1.90994378451652
3181.2,1.90969550380566
3181.8,1.90944725538107
3182.4,1.90919903923851
3183,1.90895085537376
3183.6,1.90870270378259
3184.2,1.90845458446076
3184.8,1.90820649740406
3185.4,1.90795844260824
3186,1.90771042006909
3186.6,1.90746242978238
3187.2,1.90721447174388
3187.8,1.90696654594937
3188.4,1.90671865239463
3189,1.90647079107542
3189.6,1.90622296198753
3190.2,1.90597516512673
3190.8,1.9057274004888
3191.4,1.90547966806953
3192,1.90523196786468
3192.6,1.90498429987005
3193.2,1.90473666408141
3193.8,1.90448906049454
3194.4,1.90424148910522
3195,1.90399394990925
3195.6,1.90374644290239
3196.2,1.90349896808044
3196.8,1.90325152543917
3197.4,1.90300411497438
3198,1.90275673668185
3198.6,1.90250939055737
3199.2,1.90226207659672
3199.8,1.9020147947957
3200.4,1.90176754515008
3201,1.90152032765566
3201.6,1.90127314230823
3202.2,1.90102598910358
3202.8,1.9007788680375
3203.4,1.90053177910579
3204,1.90028472230422
3204.6,1.9000376976286
3205.2,1.89979070507472
3205.8,1.89954374463838
3206.4,1.89929681631536
3207,1.89904992010147
3207.6,1.8988030559925
3208.2,1.89855622398425
3208.8,1.89830942407251
3209.4,1.89806265625308
3210,1.89781592052177
3210.6,1.89756921687436
3211.2,1.89732254530666
3211.8,1.89707590581448
3212.4,1.8968292983936
3213,1.89658272303984
3213.6,1.89633617974899
3214.2,1.89608966851686
3214.8,1.89584318933926
3215.4,1.89559674221197
3216,1.89535032713082
3216.6,1.89510394409161
3217.2,1.89485759309014
3217.8,1.89461127412222
3218.4,1.89436498718365
3219,1.89411873227025
3219.6,1.89387250937782
3220.2,1.89362631850217
3220.8,1.89338015963912
3221.4,1.89313403278447
3222,1.89288793793403
3222.6,1.89264187508361
3223.2,1.89239584422904
3223.8,1.89214984536612
3224.4,1.89190387849066
3225,1.89165794359847
3225.6,1.89141204068539
3226.2,1.89116616974721
3226.8,1.89092033077975
3227.4,1.89067452377884
3228,1.89042874874029
3228.6,1.89018300565991
3229.2,1.88993729453353
3229.8,1.88969161535696
3230.4,1.88944596812603
3231,1.88920035283656
3231.6,1.88895476948436
3232.2,1.88870921806525
3232.8,1.88846369857507
3233.4,1.88821821100963
3234,1.88797275536476
3234.6,1.88772733163628
3235.2,1.88748193982001
3235.8,1.88723657991178
3236.4,1.88699125190742
3237,1.88674595580276
3237.6,1.88650069159361
3238.2,1.88625545927582
3238.8,1.8860102588452
3239.4,1.88576509029758
3240,1.88551995362881
3240.6,1.8852748488347
3241.2,1.88502977591108
3241.8,1.8847847348538
3242.4,1.88453972565867
3243,1.88429474832154
3243.6,1.88404980283824
3244.2,1.8838048892046
3244.8,1.88356000741645
3245.4,1.88331515746964
3246,1.88307033935999
3246.6,1.88282555308334
3247.2,1.88258079863554
3247.8,1.88233607601241
3248.4,1.8820913852098
3249,1.88184672622355
3249.6,1.88160209904949
3250.2,1.88135750368346
3250.8,1.88111294012131
3251.4,1.88086840835888
3252,1.88062390839201
3252.6,1.88037944021654
3253.2,1.88013500382831
3253.8,1.87989059922317
3254.4,1.87964622639697
3255,1.87940188534554
3255.6,1.87915757606473
3256.2,1.8789132985504
3256.8,1.87866905279838
3257.4,1.87842483880453
3258,1.87818065656469
3258.6,1.87793650607471
3259.2,1.87769238733044
3259.8,1.87744830032773
3260.4,1.87720424506244
3261,1.8769602215304
3261.6,1.87671622972748
3262.2,1.87647226964952
3262.8,1.87622834129238
3263.4,1.87598444465191
3264,1.87574057972397
3264.6,1.87549674650441
3265.2,1.87525294498909
3265.8,1.87500917517386
3266.4,1.87476543705458
3267,1.8745217306271
3267.6,1.87427805588729
3268.2,1.874034412831
3268.8,1.87379080145409
3269.4,1.87354722175242
3270,1.87330367372185
3270.6,1.87306015735824
3271.2,1.87281667265746
3271.8,1.87257321961536
3272.4,1.8723297982278
3273,1.87208640849066
3273.6,1.87184305039979
3274.2,1.87159972395106
3274.8,1.87135642914034
3275.4,1.87111316596348
3276,1.87086993441636
3276.6,1.87062673449484
3277.2,1.87038356619479
3277.8,1.87014042951208
3278.4,1.86989732444257
3279,1.86965425098214
3279.6,1.86941120912665
3280.2,1.86916819887198
3280.8,1.86892522021399
3281.4,1.86868227314856
3282,1.86843935767156
3282.6,1.86819647377887
3283.2,1.86795362146635
3283.8,1.86771080072987
3284.4,1.86746801156533
3285,1.86722525396858
3285.6,1.86698252793551
3286.2,1.86673983346199
3286.8,1.8664971705439
3287.4,1.86625453917711
3288,1.86601193935751
3288.6,1.86576937108097
3289.2,1.86552683434337
3289.8,1.8652843291406
3290.4,1.86504185546852
3291,1.86479941332303
3291.6,1.86455700270001
3292.2,1.86431462359533
3292.8,1.86407227600488
3293.4,1.86382995992455
3294,1.86358767535021
3294.6,1.86334542227776
3295.2,1.86310320070307
3295.8,1.86286101062204
3296.4,1.86261885203055
3297,1.86237672492448
3297.6,1.86213462929973
3298.2,1.86189256515218
3298.8,1.86165053247772
3299.4,1.86140853127224
3300,1.86116656153163
3300.6,1.86092462325179
3301.2,1.86068271642859
3301.8,1.86044084105794
3302.4,1.86019899713572
3303,1.85995718465784
3303.6,1.85971540362018
3304.2,1.85947365401863
3304.8,1.85923193584909
3305.4,1.85899024910746
3306,1.85874859378964
3306.6,1.85850696989151
3307.2,1.85826537740898
3307.8,1.85802381633794
3308.4,1.85778228667429
3309,1.85754078841393
3309.6,1.85729932155276
3310.2,1.85705788608668
3310.8,1.8568164820116
3311.4,1.8565751093234
3312,1.85633376801799
3312.6,1.85609245809128
3313.2,1.85585117953917
3313.8,1.85560993235756
3314.4,1.85536871654236
3315,1.85512753208946
3315.6,1.85488637899478
3316.2,1.85464525725422
3316.8,1.85440416686369
3317.4,1.8541631078191
3318,1.85392208011634
3318.6,1.85368108375134
3319.2,1.85344011871999
3319.8,1.85319918501821
3320.4,1.85295828264191
3321,1.852717411587
3321.6,1.85247657184938
3322.2,1.85223576342498
3322.8,1.8519949863097
3323.4,1.85175424049946
3324,1.85151352599016
3324.6,1.85127284277773
3325.2,1.85103219085807
3325.8,1.85079157022711
3326.4,1.85055098088076
3327,1.85031042281493
3327.6,1.85006989602554
3328.2,1.84982940050851
3328.8,1.84958893625976
3329.4,1.84934850327521
3330,1.84910810155076
3330.6,1.84886773108235
3331.2,1.8486273918659
3331.8,1.84838708389732
3332.4,1.84814680717254
3333,1.84790656168748
3333.6,1.84766634743806
3334.2,1.8474261644202
3334.8,1.84718601262983
3335.4,1.84694589206288
3336,1.84670580271526
3336.6,1.8464657445829
3337.2,1.84622571766174
3337.8,1.84598572194769
3338.4,1.84574575743668
3339,1.84550582412465
3339.6,1.84526592200751
3340.2,1.8450260510812
3340.8,1.84478621134165
3341.4,1.84454640278479
3342,1.84430662540654
3342.6,1.84406687920285
3343.2,1.84382716416963
3343.8,1.84358748030283
3344.4,1.84334782759838
3345,1.84310820605221
3345.6,1.84286861566025
3346.2,1.84262905641844
3346.8,1.84238952832272
3347.4,1.84215003136902
3348,1.84191056555327
3348.6,1.84167113087142
3349.2,1.84143172731939
3349.8,1.84119235489314
3350.4,1.8409530135886
3351,1.8407137034017
3351.6,1.84047442432839
3352.2,1.8402351763646
3352.8,1.83999595950629
3353.4,1.83975677374939
3354,1.83951761908983
3354.6,1.83927849552358
3355.2,1.83903940304656
3355.8,1.83880034165472
3356.4,1.83856131134401
3357,1.83832231211037
3357.6,1.83808334394974
3358.2,1.83784440685808
3358.8,1.83760550083133
3359.4,1.83736662586544
3360,1.83712778195635
3360.6,1.83688896910002
3361.2,1.83665018729238
3361.8,1.8364114365294
3362.4,1.83617271680702
3363,1.83593402812119
3363.6,1.83569537046786
3364.2,1.83545674384299
3364.8,1.83521814824253
3365.4,1.83497958366243
3366,1.83474105009864
3366.6,1.83450254754712
3367.2,1.83426407600382
3367.8,1.8340256354647
3368.4,1.83378722592571
3369,1.83354884738282
3369.6,1.83331049983197
3370.2,1.83307218326912
3370.8,1.83283389769024
3371.4,1.83259564309128
3372,1.83235741946819
3372.6,1.83211922681695
3373.2,1.83188106513351
3373.8,1.83164293441382
3374.4,1.83140483465386
3375,1.83116676584959
3375.6,1.83092872799696
3376.2,1.83069072109194
3376.8,1.83045274513049
3377.4,1.83021480010858
3378,1.82997688602217
3378.6,1.82973900286723
3379.2,1.82950115063973
3379.8,1.82926332933562
3380.4,1.82902553895088
3381,1.82878777948148
3381.6,1.82855005092338
3382.2,1.82831235327255
3382.8,1.82807468652496
3383.4,1.82783705067658
3384,1.82759944572338
3384.6,1.82736187166133
3385.2,1.82712432848641
3385.8,1.82688681619458
3386.4,1.82664933478182
3387,1.82641188424411
3387.6,1.8261744645774
3388.2,1.82593707577769
3388.8,1.82569971784094
3389.4,1.82546239076313
3390,1.82522509454024
3390.6,1.82498782916824
3391.2,1.8247505946431
3391.8,1.82451339096082
3392.4,1.82427621811736
3393,1.8240390761087
3393.6,1.82380196493083
3394.2,1.82356488457972
3394.8,1.82332783505136
3395.4,1.82309081634172
3396,1.82285382844678
3396.6,1.82261687136254
3397.2,1.82237994508496
3397.8,1.82214304961004
3398.4,1.82190618493376
3399,1.8216693510521
3399.6,1.82143254796105
3400.2,1.82119577565659
3400.8,1.82095903413471
3401.4,1.8207223233914
3402,1.82048564342264
3402.6,1.82024899422442
3403.2,1.82001237579273
3403.8,1.81977578812355
3404.4,1.81953923121289
3405,1.81930270505672
3405.6,1.81906620965103
3406.2,1.81882974499183
3406.8,1.81859331107509
3407.4,1.81835690789682
3408,1.818120535453
3408.6,1.81788419373963
3409.2,1.8176478827527
3409.8,1.81741160248821
3410.4,1.81717535294215
3411,1.81693913411051
3411.6,1.8167029459893
3412.2,1.81646678857451
3412.8,1.81623066186213
3413.4,1.81599456584817
3414,1.81575850052861
3414.6,1.81552246589947
3415.2,1.81528646195674
3415.8,1.81505048869642
3416.4,1.81481454611451
3417,1.81457863420701
3417.6,1.81434275296993
3418.2,1.81410690239926
3418.8,1.81387108249101
3419.4,1.81363529324117
3420,1.81339953464577
3420.6,1.81316380670079
3421.2,1.81292810940225
3421.8,1.81269244274614
3422.4,1.81245680672848
3423,1.81222120134527
3423.6,1.81198562659252
3424.2,1.81175008246624
3424.8,1.81151456896243
3425.4,1.8112790860771
3426,1.81104363380627
3426.6,1.81080821214594
3427.2,1.81057282109212
3427.8,1.81033746064082
3428.4,1.81010213078806
3429,1.80986683152985
3429.6,1.80963156286219
3430.2,1.80939632478111
3430.8,1.80916111728262
3431.4,1.80892594036272
3432,1.80869079401744
3432.6,1.80845567824279
3433.2,1.80822059303478
3433.8,1.80798553838944
3434.4,1.80775051430277
3435,1.80751552077081
3435.6,1.80728055778955
3436.2,1.80704562535503
3436.8,1.80681072346327
3437.4,1.80657585211027
3438,1.80634101129207
3438.6,1.80610620100468
3439.2,1.80587142124412
3439.8,1.80563667200642
3440.4,1.8054019532876
3441,1.80516726508368
3441.6,1.80493260739069
3442.2,1.80469798020464
3442.8,1.80446338352157
3443.4,1.80422881733749
3444,1.80399428164844
3444.6,1.80375977645044
3445.2,1.80352530173952
3445.8,1.8032908575117
3446.4,1.80305644376302
3447,1.80282206048949
3447.6,1.80258770768715
3448.2,1.80235338535204
3448.8,1.80211909348017
3449.4,1.80188483206758
3450,1.8016506011103
3450.6,1.80141640060436
3451.2,1.8011822305458
3451.8,1.80094809093064
3452.4,1.80071398175493
3453,1.80047990301468
3453.6,1.80024585470595
3454.2,1.80001183682476
3454.8,1.79977784936715
3455.4,1.79954389232915
3456,1.79930996570681
3456.6,1.79907606949615
3457.2,1.79884220369322
3457.8,1.79860836829405
3458.4,1.79837456329468
3459,1.79814078869116
3459.6,1.79790704447952
3460.2,1.7976733306558
3460.8,1.79743964721604
3461.4,1.79720599415629
3462,1.79697237147258
3462.6,1.79673877916096
3463.2,1.79650521721747
3463.8,1.79627168563816
3464.4,1.79603818441906
3465,1.79580471355623
3465.6,1.79557127304571
3466.2,1.79533786288354
3466.8,1.79510448306578
3467.4,1.79487113358846
3468,1.79463781444763
3468.6,1.79440452563935
3469.2,1.79417126715966
3469.8,1.79393803900461
3470.4,1.79370484117025
3471,1.79347167365262
3471.6,1.79323853644779
3472.2,1.7930054295518
3472.8,1.7927723529607
3473.4,1.79253930667055
3474,1.79230629067739
3474.6,1.79207330497728
3475.2,1.79184034956628
3475.8,1.79160742444044
3476.4,1.79137452959581
3477,1.79114166502845
3477.6,1.79090883073441
3478.2,1.79067602670976
3478.8,1.79044325295054
3479.4,1.79021050945282
3480,1.78997779621265
3480.6,1.7897451132261
3481.2,1.78951246048921
3481.8,1.78927983799806
3482.4,1.7890472457487
3483,1.78881468373719
3483.6,1.7885821519596
3484.2,1.78834965041198
3484.8,1.7881171790904
3485.4,1.78788473799092
3486,1.7876523271096
3486.6,1.78741994644251
3487.2,1.78718759598571
3487.8,1.78695527573527
3488.4,1.78672298568725
3489,1.78649072583772
3489.6,1.78625849618275
3490.2,1.78602629671839
3490.8,1.78579412744073
3491.4,1.78556198834583
3492,1.78532987942976
3492.6,1.78509780068858
3493.2,1.78486575211836
3493.8,1.78463373371519
3494.4,1.78440174547512
3495,1.78416978739423
3495.6,1.78393785946859
3496.2,1.78370596169428
3496.8,1.78347409406736
3497.4,1.78324225658391
3498,1.78301044924001
3498.6,1.78277867203172
3499.2,1.78254692495513
3499.8,1.7823152080063
3500.4,1.78208352118133
3501,1.78185186447627
3501.6,1.78162023788722
3502.2,1.78138864141024
3502.8,1.78115707504141
3503.4,1.78092553877683
3504,1.78069403261255
3504.6,1.78046255654467
3505.2,1.78023111056927
3505.8,1.77999969468242
3506.4,1.7797683088802
3507,1.77953695315871
3507.6,1.77930562751401
3508.2,1.7790743319422
3508.8,1.77884306643936
3509.4,1.77861183100157
3510,1.77838062562492
3510.6,1.77814945030549
3511.2,1.77791830503937
3511.8,1.77768718982264
3512.4,1.77745610465139
3513,1.77722504952172
3513.6,1.77699402442969
3514.2,1.77676302937141
3514.8,1.77653206434297
3515.4,1.77630112934045
3516,1.77607022435994
3516.6,1.77583934939753
3517.2,1.77560850444932
3517.8,1.7753776895114
3518.4,1.77514690457985
3519,1.77491614965077
3519.6,1.77468542472026
3520.2,1.7744547297844
3520.8,1.7742240648393
3521.4,1.77399342988104
3522,1.77376282490573
3522.6,1.77353224990945
3523.2,1.7733017048883
3523.8,1.77307118983839
3524.4,1.7728407047558
3525,1.77261024963664
3525.6,1.772379824477
3526.2,1.77214942927299
3526.8,1.77191906402069
3527.4,1.77168872871623
3528,1.77145842335568
3528.6,1.77122814793516
3529.2,1.77099790245076
3529.8,1.77076768689859
3530.4,1.77053750127475
3531,1.77030734557535
3531.6,1.77007721979648
3532.2,1.76984712393425
3532.8,1.76961705798477
3533.4,1.76938702194414
3534,1.76915701580847
3534.6,1.76892703957386
3535.2,1.76869709323642
3535.8,1.76846717679225
3536.4,1.76823729023748
3537,1.76800743356819
3537.6,1.76777760678051
3538.2,1.76754780987054
3538.8,1.76731804283439
3539.4,1.76708830566818
3540,1.76685859836801
3540.6,1.76662892092999
3541.2,1.76639927335024
3541.8,1.76616965562487
3542.4,1.76594006774999
3543,1.76571050972172
3543.6,1.76548098153617
3544.2,1.76525148318945
3544.8,1.76502201467768
3545.4,1.76479257599698
3546,1.76456316714346
3546.6,1.76433378811324
3547.2,1.76410443890244
3547.8,1.76387511950717
3548.4,1.76364582992355
3549,1.7634165701477
3549.6,1.76318734017574
3550.2,1.76295814000379
3550.8,1.76272896962798
3551.4,1.76249982904441
3552,1.76227071824922
3552.6,1.76204163723852
3553.2,1.76181258600844
3553.8,1.7615835645551
3554.4,1.76135457287463
3555,1.76112561096314
3555.6,1.76089667881676
3556.2,1.76066777643163
3556.8,1.76043890380385
3557.4,1.76021006092957
3558,1.7599812478049
3558.6,1.75975246442597
3559.2,1.75952371078892
3559.8,1.75929498688986
3560.4,1.75906629272493
3561,1.75883762829026
3561.6,1.75860899358197
3562.2,1.7583803885962
3562.8,1.75815181332908
3563.4,1.75792326777674
3564,1.75769475193531
3564.6,1.75746626580092
3565.2,1.75723780936971
3565.8,1.75700938263781
3566.4,1.75678098560135
3567,1.75655261825647
3567.6,1.7563242805993
3568.2,1.75609597262598
3568.8,1.75586769433264
3569.4,1.75563944571542
3570,1.75541122677047
3570.6,1.7551830374939
3571.2,1.75495487788187
3571.8,1.75472674793052
3572.4,1.75449864763597
3573,1.75427057699437
3573.6,1.75404253600187
3574.2,1.75381452465459
3574.8,1.75358654294869
3575.4,1.7533585908803
3576,1.75313066844557
3576.6,1.75290277564064
3577.2,1.75267491246165
3577.8,1.75244707890474
3578.4,1.75221927496606
3579,1.75199150064176
3579.6,1.75176375592798
3580.2,1.75153604082087
3580.8,1.75130835531657
3581.4,1.75108069941122
3582,1.75085307310099
3582.6,1.750625476382
3583.2,1.75039790925042
3583.8,1.7501703717024
3584.4,1.74994286373407
3585,1.74971538534159
3585.6,1.74948793652112
3586.2,1.74926051726879
3586.8,1.74903312758077
3587.4,1.74880576745321
3588,1.74857843688225
3588.6,1.74835113586406
3589.2,1.74812386439478
3589.8,1.74789662247057
3590.4,1.74766941008758
3591,1.74744222724197
3591.6,1.74721507392989
3592.2,1.7469879501475
3592.8,1.74676085589096
3593.4,1.74653379115643
3594,1.74630675594005
3594.6,1.74607975023799
3595.2,1.74585277404642
3595.8,1.74562582736147
3596.4,1.74539891017933
3597,1.74517202249614
3597.6,1.74494516430807
3598.2,1.74471833561128
3598.8,1.74449153640193
3599.4,1.74426476667618
3600,1.7440380264302
3600.6,1.74381131566015
3601.2,1.74358463436219
3601.8,1.74335798253249
3602.4,1.74313136016721
3603,1.74290476726251
3603.6,1.74267820381457
3604.2,1.74245166981955
3604.8,1.74222516527361
3605.4,1.74199869017293
3606,1.74177224451367
3606.6,1.74154582829199
3607.2,1.74131944150408
3607.8,1.74109308414609
3608.4,1.74086675621421
3609,1.74064045770459
3609.6,1.74041418861341
3610.2,1.74018794893684
3610.8,1.73996173867105
3611.4,1.73973555781222
3612,1.73950940635651
3612.6,1.73928328430011
3613.2,1.73905719163918
3613.8,1.7388311283699
3614.4,1.73860509448845
3615,1.738379089991
3615.6,1.73815311487372
3616.2,1.7379271691328
3616.8,1.73770125276441
3617.4,1.73747536576472
3618,1.73724950812992
3618.6,1.73702367985619
3619.2,1.7367978809397
3619.8,1.73657211137663
3620.4,1.73634637116316
3621,1.73612066029548
3621.6,1.73589497876976
3622.2,1.73566932658219
3622.8,1.73544370372895
3623.4,1.73521811020622
3624,1.73499254601018
3624.6,1.73476701113703
3625.2,1.73454150558293
3625.8,1.73431602934408
3626.4,1.73409058241666
3627,1.73386516479686
3627.6,1.73363977648086
3628.2,1.73341441746486
3628.8,1.73318908774503
3629.4,1.73296378731757
3630,1.73273851617866
3630.6,1.73251327432449
3631.2,1.73228806175126
3631.8,1.73206287845515
3632.4,1.73183772443235
3633,1.73161259967905
3633.6,1.73138750419144
3634.2,1.73116243796572
3634.8,1.73093740099808
3635.4,1.73071239328471
3636,1.7304874148218
3636.6,1.73026246560555
3637.2,1.73003754563215
3637.8,1.7298126548978
3638.4,1.7295877933987
3639,1.72936296113102
3639.6,1.72913815809099
3640.2,1.72891338427478
3640.8,1.7286886396786
3641.4,1.72846392429865
3642,1.72823923813113
3642.6,1.72801458117222
3643.2,1.72778995341814
3643.8,1.72756535486509
3644.4,1.72734078550925
3645,1.72711624534684
3645.6,1.72689173437406
3646.2,1.7266672525871
3646.8,1.72644279998217
3647.4,1.72621837655547
3648,1.72599398230321
3648.6,1.72576961722159
3649.2,1.72554528130681
3649.8,1.72532097455509
3650.4,1.72509669696261
3651,1.7248724485256
3651.6,1.72464822924025
3652.2,1.72442403910278
3652.8,1.72419987810939
3653.4,1.72397574625628
3654,1.72375164353968
3654.6,1.72352756995578
3655.2,1.7233035255008
3655.8,1.72307951017094
3656.4,1.72285552396242
3657,1.72263156687144
3657.6,1.72240763889423
3658.2,1.72218374002698
3658.8,1.72195987026592
3659.4,1.72173602960725
3660,1.7215122180472
3660.6,1.72128843558196
3661.2,1.72106468220777
3661.8,1.72084095792082
3662.4,1.72061726271735
3663,1.72039359659356
3663.6,1.72016995954567
3664.2,1.71994635156989
3664.8,1.71972277266245
3665.4,1.71949922281957
3666,1.71927570203746
3666.6,1.71905221031233
3667.2,1.71882874764042
3667.8,1.71860531401794
3668.4,1.7183819094411
3669,1.71815853390614
3669.6,1.71793518740928
3670.2,1.71771186994672
3670.8,1.71748858151471
3671.4,1.71726532210945
3672,1.71704209172718
3672.6,1.71681889036411
3673.2,1.71659571801648
3673.8,1.7163725746805
3674.4,1.71614946035241
3675,1.71592637502843
3675.6,1.71570331870478
3676.2,1.71548029137769
3676.8,1.7152572930434
3677.4,1.71503432369812
3678,1.71481138333808
3678.6,1.71458847195952
3679.2,1.71436558955867
3679.8,1.71414273613175
3680.4,1.713919911675
3681,1.71369711618464
3681.6,1.71347434965691
3682.2,1.71325161208803
3682.8,1.71302890347426
3683.4,1.7128062238118
3684,1.7125835730969
3684.6,1.7123609513258
3685.2,1.71213835849472
3685.8,1.7119157945999
3686.4,1.71169325963759
3687,1.711470753604
3687.6,1.71124827649538
3688.2,1.71102582830797
3688.8,1.71080340903801
3689.4,1.71058101868172
3690,1.71035865723536
3690.6,1.71013632469516
3691.2,1.70991402105735
3691.8,1.70969174631818
3692.4,1.7094695004739
3693,1.70924728352073
3693.6,1.70902509545492
3694.2,1.70880293627272
3694.8,1.70858080597037
3695.4,1.7083587045441
3696,1.70813663199016
3696.6,1.7079145883048
3697.2,1.70769257348426
3697.8,1.70747058752479
3698.4,1.70724863042263
3699,1.70702670217402
3699.6,1.70680480277522
3700.2,1.70658293222247
3700.8,1.70636109051201
3701.4,1.7061392776401
3702,1.70591749360299
3702.6,1.70569573839691
3703.2,1.70547401201813
3703.8,1.70525231446289
3704.4,1.70503064572745
3705,1.70480900580804
3705.6,1.70458739470093
3706.2,1.70436581240237
3706.8,1.7041442589086
3707.4,1.70392273421589
3708,1.70370123832048
3708.6,1.70347977121863
3709.2,1.7032583329066
3709.8,1.70303692338063
3710.4,1.70281554263698
3711,1.70259419067192
3711.6,1.70237286748168
3712.2,1.70215157306254
3712.8,1.70193030741075
3713.4,1.70170907052257
3714,1.70148786239425
3714.6,1.70126668302206
3715.2,1.70104553240225
3715.8,1.70082441053108
3716.4,1.70060331740482
3717,1.70038225301972
3717.6,1.70016121737205
3718.2,1.69994021045806
3718.8,1.69971923227403
3719.4,1.6994982828162
3720,1.69927736208085
3720.6,1.69905647006424
3721.2,1.69883560676264
3721.8,1.6986147721723
3722.4,1.69839396628949
3723,1.69817318911049
3723.6,1.69795244063155
3724.2,1.69773172084894
3724.8,1.69751102975892
3725.4,1.69729036735778
3726,1.69706973364177
3726.6,1.69684912860717
3727.2,1.69662855225023
3727.8,1.69640800456724
3728.4,1.69618748555446
3729,1.69596699520817
3729.6,1.69574653352462
3730.2,1.69552610050011
3730.8,1.69530569613089
3731.4,1.69508532041324
3732,1.69486497334344
3732.6,1.69464465491775
3733.2,1.69442436513245
3733.8,1.69420410398382
3734.4,1.69398387146813
3735,1.69376366758165
3735.6,1.69354349232067
3736.2,1.69332334568145
3736.8,1.69310322766028
3737.4,1.69288313825344
3738,1.69266307745719
3738.6,1.69244304526782
3739.2,1.69222304168162
3739.8,1.69200306669485
3740.4,1.6917831203038
3741,1.69156320250474
3741.6,1.69134331329397
3742.2,1.69112345266775
3742.8,1.69090362062238
3743.4,1.69068381715414
3744,1.6904640422593
3744.6,1.69024429593415
3745.2,1.69002457817498
3745.8,1.68980488897806
3746.4,1.6895852283397
3747,1.68936559625616
3747.6,1.68914599272373
3748.2,1.68892641773871
3748.8,1.68870687129738
3749.4,1.68848735339602
3750,1.68826786403092
3750.6,1.68804840319838
3751.2,1.68782897089468
3751.8,1.68760956711611
3752.4,1.68739019185895
3753,1.68717084511951
3753.6,1.68695152689407
3754.2,1.68673223717892
3754.8,1.68651297597035
3755.4,1.68629374326466
3756,1.68607453905814
3756.6,1.68585536334707
3757.2,1.68563621612777
3757.8,1.68541709739651
3758.4,1.68519800714959
3759,1.68497894538332
3759.6,1.68475991209398
3760.2,1.68454090727787
3760.8,1.68432193093128
3761.4,1.68410298305052
3762,1.68388406363189
3762.6,1.68366517267167
3763.2,1.68344631016617
3763.8,1.68322747611169
3764.4,1.68300867050452
3765,1.68278989334097
3765.6,1.68257114461734
3766.2,1.68235242432993
3766.8,1.68213373247503
3767.4,1.68191506904896
3768,1.68169643404801
3768.6,1.68147782746849
3769.2,1.6812592493067
3769.8,1.68104069955894
3770.4,1.68082217822152
3771,1.68060368529075
3771.6,1.68038522076292
3772.2,1.68016678463435
3772.8,1.67994837690133
3773.4,1.67972999756019
3774,1.67951164660722
3774.6,1.67929332403873
3775.2,1.67907502985104
3775.8,1.67885676404044
3776.4,1.67863852660325
3777,1.67842031753578
3777.6,1.67820213683434
3778.2,1.67798398449524
3778.8,1.67776586051479
3779.4,1.6775477648893
3780,1.67732969761509
3780.6,1.67711165868846
3781.2,1.67689364810573
3781.8,1.67667566586322
3782.4,1.67645771195723
3783,1.67623978638409
3783.6,1.6760218891401
3784.2,1.67580402022159
3784.8,1.67558617962486
3785.4,1.67536836734624
3786,1.67515058338204
3786.6,1.67493282772858
3787.2,1.67471510038218
3787.8,1.67449740133916
3788.4,1.67427973059583
3789,1.67406208814851
3789.6,1.67384447399353
3790.2,1.67362688812721
3790.8,1.67340933054586
3791.4,1.6731918012458
3792,1.67297430022337
3792.6,1.67275682747487
3793.2,1.67253938299664
3793.8,1.672321966785
3794.4,1.67210457883626
3795,1.67188721914677
3795.6,1.67166988771283
3796.2,1.67145258453077
3796.8,1.67123530959693
3797.4,1.67101806290763
3798,1.67080084445918
3798.6,1.67058365424793
3799.2,1.6703664922702
3799.8,1.67014935852231
3800.4,1.66993225300059
3801,1.66971517570138
3801.6,1.66949812662101
3802.2,1.6692811057558
3802.8,1.66906411310208
3803.4,1.66884714865618
3804,1.66863021241444
3804.6,1.6684133043732
3805.2,1.66819642452877
3805.8,1.66797957287749
3806.4,1.6677627494157
3807,1.66754595413974
3807.6,1.66732918704593
3808.2,1.6671124481306
3808.8,1.66689573739011
3809.4,1.66667905482077
3810,1.66646240041894
3810.6,1.66624577418093
3811.2,1.6660291761031
3811.8,1.66581260618178
3812.4,1.6655960644133
3813,1.66537955079401
3813.6,1.66516306532025
3814.2,1.66494660798835
3814.8,1.66473017879466
3815.4,1.66451377773551
3816,1.66429740480725
3816.6,1.66408106000622
3817.2,1.66386474332876
3817.8,1.66364845477121
3818.4,1.66343219432992
3819,1.66321596200122
3819.6,1.66299975778147
3820.2,1.66278358166701
3820.8,1.66256743365418
3821.4,1.66235131373933
3822,1.66213522191881
3822.6,1.66191915818895
3823.2,1.66170312254611
3823.8,1.66148711498664
3824.4,1.66127113550688
3825,1.66105518410317
3825.6,1.66083926077188
3826.2,1.66062336550935
3826.8,1.66040749831193
3827.4,1.66019165917596
3828,1.65997584809781
3828.6,1.65976006507381
3829.2,1.65954431010033
3829.8,1.65932858317371
3830.4,1.65911288429031
3831,1.65889721344648
3831.6,1.65868157063857
3832.2,1.65846595586294
3832.8,1.65825036911595
3833.4,1.65803481039393
3834,1.65781927969327
3834.6,1.6576037770103
3835.2,1.65738830234138
3835.8,1.65717285568288
3836.4,1.65695743703115
3837,1.65674204638254
3837.6,1.65652668373342
3838.2,1.65631134908014
3838.8,1.65609604241907
3839.4,1.65588076374656
3840,1.65566551305898
3840.6,1.65545029035268
3841.2,1.65523509562402
3841.8,1.65501992886937
3842.4,1.65480479008509
3843,1.65458967926755
3843.6,1.65437459641309
3844.2,1.6541595415181
3844.8,1.65394451457893
3845.4,1.65372951559195
3846,1.65351454455351
3846.6,1.65329960146
3847.2,1.65308468630777
3847.8,1.65286979909319
3848.4,1.65265493981263
3849,1.65244010846245
3849.6,1.65222530503903
3850.2,1.65201052953872
3850.8,1.65179578195791
3851.4,1.65158106229295
3852,1.65136637054023
3852.6,1.6511517066961
3853.2,1.65093707075694
3853.8,1.65072246271912
3854.4,1.65050788257902
3855,1.650293330333
3855.6,1.65007880597744
3856.2,1.6498643095087
3856.8,1.64964984092317
3857.4,1.64943540021723
3858,1.64922098738723
3858.6,1.64900660242956
3859.2,1.64879224534059
3859.8,1.6485779161167
3860.4,1.64836361475427
3861,1.64814934124967
3861.6,1.64793509559928
3862.2,1.64772087779948
3862.8,1.64750668784665
3863.4,1.64729252573716
3864,1.64707839146739
3864.6,1.64686428503373
3865.2,1.64665020643255
3865.8,1.64643615566024
3866.4,1.64622213271317
3867,1.64600813758773
3867.6,1.6457941702803
3868.2,1.64558023078726
3868.8,1.645366319105
3869.4,1.64515243522989
3870,1.64493857915833
3870.6,1.6447247508867
3871.2,1.64451095041138
3871.8,1.64429717772876
3872.4,1.64408343283522
3873,1.64386971572715
3873.6,1.64365602640094
3874.2,1.64344236485298
3874.8,1.64322873107964
3875.4,1.64301512507733
3876,1.64280154684243
3876.6,1.64258799637132
3877.2,1.64237447366041
3877.8,1.64216097870607
3878.4,1.6419475115047
3879,1.64173407205269
3879.6,1.64152066034643
3880.2,1.64130727638232
3880.8,1.64109392015674
3881.4,1.6408805916661
3882,1.64066729090677
3882.6,1.64045401787516
3883.2,1.64024077256767
3883.8,1.64002755498068
3884.4,1.63981436511059
3885,1.6396012029538
3885.6,1.6393880685067
3886.2,1.6391749617657
3886.8,1.63896188272718
3887.4,1.63874883138755
3888,1.6385358077432
3888.6,1.63832281179053
3889.2,1.63810984352595
3889.8,1.63789690294584
3890.4,1.63768399004662
3891,1.63747110482468
3891.6,1.63725824727642
3892.2,1.63704541739825
3892.8,1.63683261518656
3893.4,1.63661984063777
3894,1.63640709374826
3894.6,1.63619437451445
3895.2,1.63598168293274
3895.8,1.63576901899953
3896.4,1.63555638271123
3897,1.63534377406424
3897.6,1.63513119305497
3898.2,1.63491863967983
3898.8,1.63470611393522
3899.4,1.63449361581755
3900,1.63428114532322
3900.6,1.63406870244865
3901.2,1.63385628719025
3901.8,1.63364389954441
3902.4,1.63343153950756
3903,1.6332192070761
3903.6,1.63300690224645
3904.2,1.632794625015
3904.8,1.63258237537818
3905.4,1.6323701533324
3906,1.63215795887407
3906.6,1.6319457919996
3907.2,1.6317336527054
3907.8,1.63152154098789
3908.4,1.63130945684349
3909,1.6310974002686
3909.6,1.63088537125964
3910.2,1.63067336981304
3910.8,1.63046139592519
3911.4,1.63024944959253
3912,1.63003753081147
3912.6,1.62982563957842
3913.2,1.6296137758898
3913.8,1.62940193974204
3914.4,1.62919013113155
3915,1.62897835005475
3915.6,1.62876659650805
3916.2,1.62855487048789
3916.8,1.62834317199068
3917.4,1.62813150101284
3918,1.62791985755079
3918.6,1.62770824160096
3919.2,1.62749665315977
3919.8,1.62728509222364
3920.4,1.627073558789
3921,1.62686205285226
3921.6,1.62665057440986
3922.2,1.62643912345822
3922.8,1.62622769999376
3923.4,1.62601630401292
3924,1.6258049355121
3924.6,1.62559359448776
3925.2,1.6253822809363
3925.8,1.62517099485416
3926.4,1.62495973623777
3927,1.62474850508355
3927.6,1.62453730138794
3928.2,1.62432612514736
3928.8,1.62411497635825
3929.4,1.62390385501703
3930,1.62369276112013
3930.6,1.623481694664
3931.2,1.62327065564505
3931.8,1.62305964405973
3932.4,1.62284865990446
3933,1.62263770317568
3933.6,1.62242677386982
3934.2,1.62221587198331
3934.8,1.6220049975126
3935.4,1.62179415045412
3936,1.62158333080429
3936.6,1.62137253855957
3937.2,1.62116177371638
3937.8,1.62095103627116
3938.4,1.62074032622035
3939,1.62052964356039
3939.6,1.62031898828771
3940.2,1.62010836039876
3940.8,1.61989775988998
3941.4,1.6196871867578
3942,1.61947664099866
3942.6,1.61926612260901
3943.2,1.61905563158529
3943.8,1.61884516792393
3944.4,1.61863473162139
3945,1.61842432267409
3945.6,1.6182139410785
3946.2,1.61800358683105
3946.8,1.61779325992818
3947.4,1.61758296036634
3948,1.61737268814197
3948.6,1.61716244325152
3949.2,1.61695222569144
3949.8,1.61674203545817
3950.4,1.61653187254816
3951,1.61632173695785
3951.6,1.6161116286837
3952.2,1.61590154772215
3952.8,1.61569149406965
3953.4,1.61548146772266
3954,1.61527146867761
3954.6,1.61506149693096
3955.2,1.61485155247916
3955.8,1.61464163531866
3956.4,1.61443174544592
3957,1.61422188285738
3957.6,1.6140120475495
3958.2,1.61380223951873
3958.8,1.61359245876152
3959.4,1.61338270527433
3960,1.61317297905361
3960.6,1.61296328009582
3961.2,1.6127536083974
3961.8,1.61254396395483
3962.4,1.61233434676455
3963,1.61212475682302
3963.6,1.6119151941267
3964.2,1.61170565867204
3964.8,1.61149615045551
3965.4,1.61128666947356
3966,1.61107721572264
3966.6,1.61086778919923
3967.2,1.61065838989978
3967.8,1.61044901782074
3968.4,1.61023967295859
3969,1.61003035530978
3969.6,1.60982106487077
3970.2,1.60961180163803
3970.8,1.60940256560801
3971.4,1.60919335677719
3972,1.60898417514202
3972.6,1.60877502069897
3973.2,1.60856589344451
3973.8,1.60835679337509
3974.4,1.60814772048719
3975,1.60793867477726
3975.6,1.60772965624178
3976.2,1.60752066487722
3976.8,1.60731170068003
3977.4,1.60710276364669
3978,1.60689385377367
3978.6,1.60668497105743
3979.2,1.60647611549445
3979.8,1.60626728708118
3980.4,1.60605848581412
3981,1.60584971168971
3981.6,1.60564096470444
3982.2,1.60543224485477
3982.8,1.60522355213719
3983.4,1.60501488654815
3984,1.60480624808414
3984.6,1.60459763674162
3985.2,1.60438905251707
3985.8,1.60418049540696
3986.4,1.60397196540778
3987,1.60376346251598
3987.6,1.60355498672806
3988.2,1.60334653804048
3988.8,1.60313811644973
3989.4,1.60292972195227
3990,1.60272135454458
3990.6,1.60251301422315
3991.2,1.60230470098446
3991.8,1.60209641482497
3992.4,1.60188815574117
3993,1.60167992372955
3993.6,1.60147171878657
3994.2,1.60126354090872
3994.8,1.60105539009249
3995.4,1.60084726633435
3996,1.60063916963078
3996.6,1.60043109997827
3997.2,1.6002230573733
3997.8,1.60001504181235
3998.4,1.59980705329191
3999,1.59959909180847
3999.6,1.5993911573585
4000.2,1.59918324993849
4000.8,1.59897536954493
4001.4,1.5987675161743
4002,1.59855968982309
4002.6,1.59835189048779
4003.2,1.59814411816488
4003.8,1.59793637285086
4004.4,1.5977286545422
4005,1.59752096323541
4005.6,1.59731329892696
4006.2,1.59710566161336
4006.8,1.59689805129108
4007.4,1.59669046795662
4008,1.59648291160647
4008.6,1.59627538223713
4009.2,1.59606787984508
4009.8,1.59586040442681
4010.4,1.59565295597883
4011,1.59544553449762
4011.6,1.59523813997968
4012.2,1.5950307724215
4012.8,1.59482343181957
4013.4,1.5946161181704
4014,1.59440883147047
4014.6,1.59420157171629
4015.2,1.59399433890435
4015.8,1.59378713303114
4016.4,1.59357995409318
4017,1.59337280208694
4017.6,1.59316567700893
4018.2,1.59295857885566
4018.8,1.59275150762361
4019.4,1.5925444633093
4020,1.59233744590921
4020.6,1.59213045541986
4021.2,1.59192349183774
4021.8,1.59171655515935
4022.4,1.59150964538119
4023,1.59130276249978
4023.6,1.5910959065116
4024.2,1.59088907741317
4024.8,1.59068227520099
4025.4,1.59047549987156
4026,1.59026875142139
4026.6,1.59006202984699
4027.2,1.58985533514485
4027.8,1.58964866731149
4028.4,1.58944202634341
4029,1.58923541223712
4029.6,1.58902882498912
4030.2,1.58882226459593
4030.8,1.58861573105405
4031.4,1.58840922436
4032,1.58820274451028
4032.6,1.5879962915014
4033.2,1.58778986532987
4033.8,1.5875834659922
4034.4,1.58737709348491
4035,1.5871707478045
4035.6,1.58696442894749
4036.2,1.58675813691039
4036.8,1.58655187168971
4037.4,1.58634563328197
4038,1.58613942168369
4038.6,1.58593323689136
4039.2,1.58572707890152
4039.8,1.58552094771067
4040.4,1.58531484331534
4041,1.58510876571203
4041.6,1.58490271489726
4042.2,1.58469669086756
4042.8,1.58449069361944
4043.4,1.58428472314941
4044,1.584078779454
4044.6,1.58387286252972
4045.2,1.5836669723731
4045.8,1.58346110898065
4046.4,1.58325527234889
4047,1.58304946247435
4047.6,1.58284367935355
4048.2,1.582637922983
4048.8,1.58243219335924
4049.4,1.58222649047877
4050,1.58202081433814
4050.6,1.58181516493385
4051.2,1.58160954226243
4051.8,1.58140394632042
4052.4,1.58119837710432
4053,1.58099283461067
4053.6,1.580787318836
4054.2,1.58058182977683
4054.8,1.58037636742968
4055.4,1.58017093179108
4056,1.57996552285757
4056.6,1.57976014062567
4057.2,1.5795547850919
4057.8,1.5793494562528
4058.4,1.5791441541049
4059,1.57893887864472
4059.6,1.5787336298688
4060.2,1.57852840777367
4060.8,1.57832321235585
4061.4,1.57811804361188
4062,1.5779129015383
4062.6,1.57770778613163
4063.2,1.57750269738841
4063.8,1.57729763530517
4064.4,1.57709259987844
4065,1.57688759110476
4065.6,1.57668260898067
4066.2,1.5764776535027
4066.8,1.57627272466738
4067.4,1.57606782247125
4068,1.57586294691085
4068.6,1.57565809798272
4069.2,1.57545327568338
4069.8,1.57524848000939
4070.4,1.57504371095728
4071,1.57483896852359
4071.6,1.57463425270485
4072.2,1.57442956349761
4072.8,1.57422490089841
4073.4,1.57402026490378
4074,1.57381565551028
4074.6,1.57361107271443
4075.2,1.57340651651279
4075.8,1.57320198690189
4076.4,1.57299748387828
4077,1.5727930074385
4077.6,1.5725885575791
4078.2,1.57238413429662
4078.8,1.5721797375876
4079.4,1.57197536744859
4080,1.57177102387614
4080.6,1.57156670686679
4081.2,1.57136241641708
4081.8,1.57115815252358
4082.4,1.57095391518281
4083,1.57074970439133
4083.6,1.5705455201457
4084.2,1.57034136244245
4084.8,1.57013723127813
4085.4,1.56993312664931
4086,1.56972904855252
4086.6,1.56952499698432
4087.2,1.56932097194125
4087.8,1.56911697341988
4088.4,1.56891300141675
4089,1.56870905592841
4089.6,1.56850513695142
4090.2,1.56830124448232
4090.8,1.56809737851769
4091.4,1.56789353905406
4092,1.56768972608799
4092.6,1.56748593961604
4093.2,1.56728217963477
4093.8,1.56707844614072
4094.4,1.56687473913047
4095,1.56667105860055
4095.6,1.56646740454753
4096.2,1.56626377696798
4096.8,1.56606017585843
4097.4,1.56585660121547
4098,1.56565305303563
4098.6,1.5654495313155
4099.2,1.56524603605161
4099.8,1.56504256724054
4100.4,1.56483912487884
4101,1.56463570896308
4101.6,1.56443231948982
4102.2,1.56422895645562
4102.8,1.56402561985705
4103.4,1.56382230969066
4104,1.56361902595301
4104.6,1.56341576864069
4105.2,1.56321253775024
4105.8,1.56300933327824
4106.4,1.56280615522124
4107,1.56260300357582
4107.6,1.56239987833854
4108.2,1.56219677950597
4108.8,1.56199370707468
4109.4,1.56179066104122
4110,1.56158764140218
4110.6,1.56138464815412
4111.2,1.5611816812936
4111.8,1.56097874081721
4112.4,1.5607758267215
4113,1.56057293900305
4113.6,1.56037007765843
4114.2,1.56016724268421
4114.8,1.55996443407696
4115.4,1.55976165183325
4116,1.55955889594966
4116.6,1.55935616642276
4117.2,1.55915346324913
4117.8,1.55895078642533
4118.4,1.55874813594794
4119,1.55854551181354
4119.6,1.5583429140187
4120.2,1.55814034255999
4120.8,1.557937797434
4121.4,1.5577352786373
4122,1.55753278616646
4122.6,1.55733032001807
4123.2,1.55712788018871
4123.8,1.55692546667494
4124.4,1.55672307947335
4125,1.55652071858052
4125.6,1.55631838399303
4126.2,1.55611607570745
4126.8,1.55591379372038
4127.4,1.55571153802838
4128,1.55550930862805
4128.6,1.55530710551596
4129.2,1.5551049286887
4129.8,1.55490277814284
4130.4,1.55470065387498
4131,1.55449855588169
4131.6,1.55429648415956
4132.2,1.55409443870518
4132.8,1.55389241951513
4133.4,1.55369042658599
4134,1.55348845991435
4134.6,1.5532865194968
4135.2,1.55308460532992
4135.8,1.55288271741031
4136.4,1.55268085573454
4137,1.55247902029921
4137.6,1.55227721110091
4138.2,1.55207542813622
4138.8,1.55187367140174
4139.4,1.55167194089405
4140,1.55147023660974
4140.6,1.55126855854542
4141.2,1.55106690669765
4141.8,1.55086528106305
4142.4,1.5506636816382
4143,1.55046210841969
4143.6,1.55026056140411
4144.2,1.55005904058807
4144.8,1.54985754596815
4145.4,1.54965607754095
4146,1.54945463530306
4146.6,1.54925321925108
4147.2,1.54905182938161
4147.8,1.54885046569123
4148.4,1.54864912817655
4149,1.54844781683417
4149.6,1.54824653166067
4150.2,1.54804527265267
4150.8,1.54784403980675
4151.4,1.54764283311952
4152,1.54744165258758
4152.6,1.54724049820752
4153.2,1.54703936997594
4153.8,1.54683826788945
4154.4,1.54663719194465
4155,1.54643614213814
4155.6,1.54623511846652
4156.2,1.54603412092639
4156.8,1.54583314951436
4157.4,1.54563220422702
4158,1.54543128506099
4158.6,1.54523039201286
4159.2,1.54502952507925
4159.8,1.54482868425675
4160.4,1.54462786954198
4161,1.54442708093153
4161.6,1.54422631842202
4162.2,1.54402558201004
4162.8,1.54382487169222
4163.4,1.54362418746515
4164,1.54342352932544
4164.6,1.54322289726971
4165.2,1.54302229129456
4165.8,1.54282171139659
4166.4,1.54262115757243
4167,1.54242062981868
4167.6,1.54222012813196
4168.2,1.54201965250886
4168.8,1.54181920294601
4169.4,1.54161877944001
4170,1.54141838198749
4170.6,1.54121801058505
4171.2,1.5410176652293
4171.8,1.54081734591686
4172.4,1.54061705264435
4173,1.54041678540837
4173.6,1.54021654420555
4174.2,1.54001632903249
4174.8,1.53981613988583
4175.4,1.53961597676216
4176,1.53941583965811
4176.6,1.5392157285703
4177.2,1.53901564349534
4177.8,1.53881558442986
4178.4,1.53861555137046
4179,1.53841554431378
4179.6,1.53821556325642
4180.2,1.53801560819501
4180.8,1.53781567912618
4181.4,1.53761577604653
4182,1.5374158989527
4182.6,1.5372160478413
4183.2,1.53701622270895
4183.8,1.53681642355229
4184.4,1.53661665036793
4185,1.53641690315249
4185.6,1.5362171819026
4186.2,1.53601748661489
4186.8,1.53581781728597
4187.4,1.53561817391248
4188,1.53541855649104
4188.6,1.53521896501828
4189.2,1.53501939949081
4189.8,1.53481985990528
4190.4,1.5346203462583
4191,1.53442085854651
4191.6,1.53422139676653
4192.2,1.534021960915
4192.8,1.53382255098853
4193.4,1.53362316698377
4194,1.53342380889734
4194.6,1.53322447672587
4195.2,1.53302517046599
4195.8,1.53282589011433
4196.4,1.53262663566754
4197,1.53242740712223
4197.6,1.53222820447504
4198.2,1.53202902772261
4198.8,1.53182987686156
4199.4,1.53163075188854
4200,1.53143165280017
